"uniprot_id","gene","start_site","end_site","pfm_id","domain_name","e-value"
"A4FU79","ARID1A","1","110","PF12031","DUF3518","5.1e-50"
"A7E2E1","SMARCA4","171","206","PF08880","QLQ","4.7e-15"
"A7E2E1","SMARCA4","403","591","PB014261","Pfam-B_14261","1.7e-07"
"A7E2E1","SMARCA4","460","532","PF07529","HSA","4.7e-18"
"A7E2E1","SMARCA4","533","570","PB014974","Pfam-B_14974","2.5e-09"
"A7E2E1","SMARCA4","610","655","PF07533","BRK","4.5e-18"
"A7E2E1","SMARCA4","757","1051","PF00176","SNF2_N","1.9e-79"
"A7E2E1","SMARCA4","1117","1194","PF00271","Helicase_C","5.4e-15"
"A7E2E1","SMARCA4","1125","1215","PB008129","Pfam-B_8129","1.3e-05"
"A7E2E1","SMARCA4","1322","1389","PF14619","SnAC","3.2e-19"
"A7E2E1","SMARCA4","1436","1481","PB017897","Pfam-B_17897","3.1e-06"
"A7E2E1","SMARCA4","1477","1550","PF00439","Bromodomain","2.5e-22"
"B4DKA4","ELP3","35","221","PF04055","Radical_SAM","6.5e-18"
"B4DKA4","ELP3","370","464","PF00583","Acetyltransf_1","7.4e-11"
"O14607","UTY","1","49","PB002066","Pfam-B_2066","4.4e-33"
"O14607","UTY","127","160","PF00515","TPR_1","0.00051"
"O14607","UTY","204","230","PF13181","TPR_8","0.1"
"O14607","UTY","270","300","PF13431","TPR_17","7.1e-05"
"O14607","UTY","315","375","PF13414","TPR_11","1.4e-06"
"O14607","UTY","580","717","PB000604","Pfam-B_604","2.6e-40"
"O14607","UTY","663","804","PB002513","Pfam-B_2513","8e-10"
"O14607","UTY","718","1056","PB000972","Pfam-B_972","1.3e-192"
"O14607","UTY","1080","1188","PF02373","JmjC","1.1e-33"
"O14686","KMT2D","139","218","PF13771","zf-HC5HC2H","1.5e-12"
"O14686","KMT2D","275","322","PF00628","PHD","4.1e-09"
"O14686","KMT2D","739","863","PB015591","Pfam-B_15591","0.00077"
"O14686","KMT2D","1379","1428","PF00628","PHD","2.8e-07"
"O14686","KMT2D","1429","1476","PF00628","PHD","3.2e-09"
"O14686","KMT2D","1439","1471","PB006766","Pfam-B_6766","2e-08"
"O14686","KMT2D","3502","3992","PB003953","Pfam-B_3953","0.00036"
"O14686","KMT2D","3508","3988","PB004150","Pfam-B_4150","6.1e-13"
"O14686","KMT2D","3533","3982","PB003049","Pfam-B_3049","9.7e-05"
"O14686","KMT2D","3853","4609","PB006617","Pfam-B_6617","2.1e-05"
"O14686","KMT2D","3854","4023","PB004299","Pfam-B_4299","2e-06"
"O14686","KMT2D","3856","3973","PB001156","Pfam-B_1156","0.00063"
"O14686","KMT2D","3856","3988","PB008040","Pfam-B_8040","0.00016"
"O14686","KMT2D","3870","3977","PB005160","Pfam-B_5160","5.6e-07"
"O14686","KMT2D","5059","5137","PF13771","zf-HC5HC2H","3.5e-13"
"O14686","KMT2D","5180","5232","PF05964","FYRN","1.1e-20"
"O14686","KMT2D","5237","5323","PF05965","FYRC","3.6e-25"
"O14686","KMT2D","5408","5513","PF00856","SET","3.2e-24"
"O14744","PRMT5","1","49","PB018578","Pfam-B_18578","2e-36"
"O14744","PRMT5","51","210","PB005239","Pfam-B_5239","5.2e-95"
"O14744","PRMT5","183","618","PF05185","PRMT5","1.2e-181"
"O14929","HAT1","27","187","PF10394","Hat1_N","3.9e-46"
"O14929","HAT1","215","308","PB003675","Pfam-B_3675","8.4e-17"
"O15047","SETD1A","101","165","PF00076","RRM_1","2.7e-06"
"O15047","SETD1A","818","932","PB014013","Pfam-B_14013","3.9e-27"
"O15047","SETD1A","908","1405","PB003781","Pfam-B_3781","0.00065"
"O15047","SETD1A","1418","1558","PF11764","N-SET","1.6e-32"
"O15047","SETD1A","1580","1684","PF00856","SET","5.3e-21"
"O15054","KDM6B","105","843","PB005108","Pfam-B_5108","0"
"O15054","KDM6B","787","933","PB000972","Pfam-B_972","2.9e-18"
"O15054","KDM6B","1135","1353","PB000972","Pfam-B_972","2.2e-58"
"O15054","KDM6B","1377","1485","PF02373","JmjC","9e-32"
"O15379","HDAC3","18","314","PF00850","Hist_deacetyl","3.1e-76"
"O15550","KDM6A","1","52","PB002066","Pfam-B_2066","3.8e-20"
"O15550","KDM6A","128","194","PF13414","TPR_11","5.3e-07"
"O15550","KDM6A","207","234","PF13181","TPR_8","0.093"
"O15550","KDM6A","273","303","PF13431","TPR_17","7.4e-05"
"O15550","KDM6A","318","378","PF13414","TPR_11","1.1e-06"
"O15550","KDM6A","631","770","PB000604","Pfam-B_604","1.5e-38"
"O15550","KDM6A","766","859","PB002513","Pfam-B_2513","6.5e-11"
"O15550","KDM6A","771","1109","PB000972","Pfam-B_972","9.1e-195"
"O15550","KDM6A","1133","1241","PF02373","JmjC","3.4e-33"
"O43463","SUV39H1","43","91","PF00385","Chromo","6.7e-14"
"O43463","SUV39H1","139","235","PF05033","Pre-SET","1.4e-21"
"O43463","SUV39H1","255","366","PF00856","SET","1.1e-29"
"O43593","HR","845","890","PB015350","Pfam-B_15350","0.00075"
"O43593","HR","948","994","PB016670","Pfam-B_16670","1.7e-07"
"O43593","HR","1053","1140","PF02373","JmjC","1.1e-07"
"O60264","SMARCA5","69","109","PF13892","DBINO","5.8e-05"
"O60264","SMARCA5","183","463","PF00176","SNF2_N","1.1e-84"
"O60264","SMARCA5","481","508","PB018422","Pfam-B_18422","2.9e-05"
"O60264","SMARCA5","520","597","PF00271","Helicase_C","1.3e-15"
"O60264","SMARCA5","528","628","PB008129","Pfam-B_8129","9.4e-11"
"O60264","SMARCA5","743","841","PF09110","HAND","1.2e-27"
"O60264","SMARCA5","898","1012","PF09111","SLIDE","8.7e-45"
"O60341","KDM1A","175","264","PF04433","SWIRM","1.5e-18"
"O60341","KDM1A","288","826","PF01593","Amino_oxidase","1.3e-163"
"O60502","MGEA5","62","338","PF07555","NAGidase","4.5e-100"
"O60502","MGEA5","746","806","PB000355","Pfam-B_355","1.1e-21"
"O60502","MGEA5","837","897","PB015148","Pfam-B_15148","1.4e-16"
"O60678","PRMT3","255","328","PF06325","PrmA","7.5e-11"
"O60678","PRMT3","353","518","PB009220","Pfam-B_9220","2.3e-36"
"O60678","PRMT3","430","521","PB001639","Pfam-B_1639","0.00036"
"O75151","PHF2","1","34","PB003779","Pfam-B_3779","6.2e-12"
"O75151","PHF2","7","55","PF00628","PHD","3.7e-09"
"O75151","PHF2","236","336","PF02373","JmjC","7e-12"
"O75151","PHF2","349","558","PB018122","Pfam-B_18122","4.5e-27"
"O75151","PHF2","848","1009","PB003847","Pfam-B_3847","6.1e-35"
"O75164","KDM4A","15","49","PF02375","JmjN","2.8e-15"
"O75164","KDM4A","45","142","PB008394","Pfam-B_8394","1.1e-57"
"O75164","KDM4A","175","291","PF02373","JmjC","2.7e-42"
"O75164","KDM4A","509","681","PB014467","Pfam-B_14467","2.2e-24"
"O75164","KDM4A","732","766","PF13831","PHD_2","1.3e-14"
"O75164","KDM4A","774","884","PF13832","zf-HC5HC2H_2","2.5e-33"
"O75164","KDM4A","911","1052","PB005109","Pfam-B_5109","3.9e-10"
"O75164","KDM4A","980","1062","PB002825","Pfam-B_2825","4.4e-26"
"O94776","MTA2","4","143","PF01426","BAH","1.3e-28"
"O94776","MTA2","147","199","PF01448","ELM2","2.6e-14"
"O94776","MTA2","219","321","PB017016","Pfam-B_17016","2e-06"
"O94776","MTA2","260","316","PB003763","Pfam-B_3763","3.8e-08"
"O94776","MTA2","367","403","PF00320","GATA","2.4e-10"
"O94776","MTA2","415","474","PB011869","Pfam-B_11869","3.8e-10"
"O94805","ACTL6B","8","425","PF00022","Actin","7.6e-142"
"O94953","KDM4B","16","50","PF02375","JmjN","2.5e-15"
"O94953","KDM4B","45","147","PB008394","Pfam-B_8394","1.1e-74"
"O94953","KDM4B","176","292","PF02373","JmjC","6.6e-43"
"O94953","KDM4B","604","696","PB014467","Pfam-B_14467","3.3e-20"
"O94953","KDM4B","754","789","PF13831","PHD_2","7.1e-14"
"O94953","KDM4B","795","906","PF13832","zf-HC5HC2H_2","8.8e-37"
"O94953","KDM4B","931","1039","PB005109","Pfam-B_5109","4.2e-09"
"O94953","KDM4B","1003","1057","PB002825","Pfam-B_2825","6.8e-06"
"O94953","KDM4B","1019","1093","PB012059","Pfam-B_12059","3.8e-19"
"O95243","MBD4","1","85","PB005417","Pfam-B_5417","1.7e-25"
"O95243","MBD4","80","149","PF01429","MBD","7.1e-21"
"O95243","MBD4","435","470","PB005032","Pfam-B_5032","0.00075"
"O95243","MBD4","461","535","PF00730","HhH-GPD","2.4e-05"
"O95251","KAT7","183","212","PF01530","zf-C2HC","1.8e-14"
"O95251","KAT7","390","574","PF01853","MOZ_SAS","4.4e-89"
"O95983","MBD3","1","69","PF01429","MBD","2.9e-23"
"O95983","MBD3","150","243","PF14048","MBD_C","1.9e-36"
"O96019","ACTL6A","8","428","PF00022","Actin","5.6e-144"
"O96028","WHSC1","220","329","PF00855","PWWP","1.6e-22"
"O96028","WHSC1","457","506","PF00505","HMG_box","5.1e-09"
"O96028","WHSC1","488","839","PB019816","Pfam-B_19816","1.6e-71"
"O96028","WHSC1","833","874","PF00628","PHD","1.2e-07"
"O96028","WHSC1","880","967","PF00855","PWWP","4.4e-17"
"O96028","WHSC1","1074","1180","PF00856","SET","7.8e-26"
"O96028","WHSC1","1215","1290","PB019816","Pfam-B_19816","0.00047"
"O96028","WHSC1","1234","1323","PB007563","Pfam-B_7563","5.6e-19"
"O96028","WHSC1","1280","1327","PB002825","Pfam-B_2825","3.8e-13"
"P0C1Z6","TFPT","9","163","PB010240","Pfam-B_10240","8.3e-25"
"P0C870","JMJD7","40","297","PF13621","Cupin_8","4.2e-75"
"P21675","TAF1","26","86","PF09247","TBP-binding","1.8e-23"
"P21675","TAF1","311","367","PB010720","Pfam-B_10720","1.1e-39"
"P21675","TAF1","565","1027","PF12157","DUF3591","1.2e-156"
"P21675","TAF1","1047","1240","PB001679","Pfam-B_1679","9.8e-12"
"P21675","TAF1","1181","1255","PB017883","Pfam-B_17883","5.3e-05"
"P21675","TAF1","1261","1300","PF15288","zf-CCHC_6","7.9e-15"
"P21675","TAF1","1390","1469","PF00439","Bromodomain","6.6e-19"
"P21675","TAF1","1513","1595","PF00439","Bromodomain","3.3e-22"
"P25490","YY1","297","320","PF13894","zf-C2H2_4","0.015"
"P25490","YY1","315","407","PB011295","Pfam-B_11295","3e-08"
"P25490","YY1","330","394","PB000057","Pfam-B_57","9.1e-07"
"P25490","YY1","340","365","PF13465","zf-H2C2_2","5.9e-07"
"P25490","YY1","369","395","PF13465","zf-H2C2_2","8.4e-08"
"P26358","DNMT1","18","103","PF06464","DMAP_binding","7.3e-21"
"P26358","DNMT1","90","714","PB005356","Pfam-B_5356","0.001"
"P26358","DNMT1","217","1566","PB003555","Pfam-B_3555","0.00031"
"P26358","DNMT1","400","533","PF12047","DNMT1-RFD","1.4e-38"
"P26358","DNMT1","646","691","PF02008","zf-CXXC","1.5e-14"
"P26358","DNMT1","755","879","PF01426","BAH","5.4e-22"
"P26358","DNMT1","933","1099","PF01426","BAH","1.4e-19"
"P26358","DNMT1","1140","1593","PF00145","DNA_methylase","2.7e-47"
"P28370","SMARCA1","55","113","PF13892","DBINO","5.6e-06"
"P28370","SMARCA1","186","466","PF00176","SNF2_N","3.7e-87"
"P28370","SMARCA1","484","511","PB018422","Pfam-B_18422","2.6e-05"
"P28370","SMARCA1","523","612","PF00271","Helicase_C","1.1e-12"
"P28370","SMARCA1","556","651","PB008129","Pfam-B_8129","1.7e-09"
"P28370","SMARCA1","758","856","PF09110","HAND","1.3e-27"
"P28370","SMARCA1","913","1027","PF09111","SLIDE","1.2e-43"
"P29375","KDM5A","20","53","PF02375","JmjN","1.2e-13"
"P29375","KDM5A","82","170","PF01388","ARID","6.1e-24"
"P29375","KDM5A","295","342","PF00628","PHD","3.3e-12"
"P29375","KDM5A","309","344","PB006766","Pfam-B_6766","1e-09"
"P29375","KDM5A","470","586","PF02373","JmjC","2.7e-45"
"P29375","KDM5A","676","729","PF02928","zf-C5HC2","1.4e-17"
"P29375","KDM5A","740","1072","PF08429","PLU-1","2.1e-100"
"P29375","KDM5A","1163","1217","PF00628","PHD","9.7e-11"
"P29375","KDM5A","1208","1271","PB000113","Pfam-B_113","3.8e-19"
"P29375","KDM5A","1464","1526","PB012821","Pfam-B_12821","0.00046"
"P29375","KDM5A","1576","1661","PB011260","Pfam-B_11260","2.9e-09"
"P41229","KDM5C","15","48","PF02375","JmjN","4.3e-15"
"P41229","KDM5C","77","165","PF01388","ARID","4.5e-23"
"P41229","KDM5C","326","372","PF00628","PHD","6.2e-12"
"P41229","KDM5C","340","378","PB006766","Pfam-B_6766","7.9e-09"
"P41229","KDM5C","501","617","PF02373","JmjC","2.7e-43"
"P41229","KDM5C","707","760","PF02928","zf-C5HC2","1.1e-16"
"P41229","KDM5C","771","1100","PF08429","PLU-1","1.9e-99"
"P41229","KDM5C","1187","1249","PF00628","PHD","1.3e-06"
"P41229","KDM5C","1206","1322","PB000113","Pfam-B_113","1e-38"
"P41229","KDM5C","1417","1482","PB012821","Pfam-B_12821","8.6e-41"
"P51608","MECP2","93","160","PF01429","MBD","4e-21"
"P55345","PRMT2","37","84","PF14604","SH3_9","5.9e-12"
"P55345","PRMT2","133","397","PF05185","PRMT5","3.1e-10"
"P55345","PRMT2","248","393","PB009220","Pfam-B_9220","1.5e-09"
"P56524","HDAC4","61","152","PF12203","HDAC4_Gln","7.2e-37"
"P56524","HDAC4","74","554","PB007669","Pfam-B_7669","0.0002"
"P56524","HDAC4","77","579","PB001421","Pfam-B_1421","2.7e-05"
"P56524","HDAC4","81","565","PB009687","Pfam-B_9687","7.5e-05"
"P56524","HDAC4","652","750","PB016322","Pfam-B_16322","8.9e-06"
"P56524","HDAC4","666","992","PF00850","Hist_deacetyl","5.2e-92"
"P56524","HDAC4","1001","1036","PF09757","Arb2","0.00016"
"Q03164","KMT2A","1021","1086","PB011202","Pfam-B_11202","6.1e-43"
"Q03164","KMT2A","1148","1194","PF02008","zf-CXXC","3.4e-13"
"Q03164","KMT2A","1397","1449","PB003525","Pfam-B_3525","2.4e-09"
"Q03164","KMT2A","1471","1563","PB004447","Pfam-B_4447","5.1e-14"
"Q03164","KMT2A","1481","1532","PF00628","PHD","3.4e-08"
"Q03164","KMT2A","1568","1626","PF00628","PHD","3.1e-08"
"Q03164","KMT2A","1900","1978","PF13771","zf-HC5HC2H","8.1e-15"
"Q03164","KMT2A","2023","2072","PF05964","FYRN","4.4e-16"
"Q03164","KMT2A","3667","3749","PF05965","FYRC","7.3e-24"
"Q03164","KMT2A","3840","3944","PF00856","SET","7.6e-24"
"Q06587","RING1","46","175","PB013905","Pfam-B_13905","4.7e-06"
"Q06587","RING1","48","87","PF00097","zf-C3HC4","2.1e-10"
"Q06587","RING1","97","233","PB009656","Pfam-B_9656","3.4e-05"
"Q06587","RING1","128","232","PB016466","Pfam-B_16466","3.3e-05"
"Q06587","RING1","130","244","PB000586","Pfam-B_586","7.9e-06"
"Q06587","RING1","241","291","PB013488","Pfam-B_13488","3.1e-10"
"Q06587","RING1","261","311","PB006760","Pfam-B_6760","8.9e-19"
"Q06587","RING1","290","404","PB011743","Pfam-B_11743","4.1e-57"
"Q06587","RING1","352","403","PB006760","Pfam-B_6760","1.1e-13"
"Q09028","RBBP4","18","88","PF12265","CAF1C_H4-bd","6.7e-30"
"Q09028","RBBP4","171","206","PF00400","WD40","8.6e-08"
"Q09028","RBBP4","220","256","PF00400","WD40","0.00042"
"Q09028","RBBP4","264","302","PF00400","WD40","6.4e-09"
"Q09028","RBBP4","310","346","PF00400","WD40","9.3e-06"
"Q09028","RBBP4","312","389","PB016501","Pfam-B_16501","0.00092"
"Q09028","RBBP4","366","402","PF00400","WD40","2.7e-05"
"Q09472","EP300","32","129","PB015526","Pfam-B_15526","1.3e-42"
"Q09472","EP300","337","416","PF02135","zf-TAZ","3.5e-21"
"Q09472","EP300","567","646","PF02172","KIX","3.4e-41"
"Q09472","EP300","1068","1143","PF00439","Bromodomain","8.4e-18"
"Q09472","EP300","1155","1196","PF06001","DUF902","2.4e-24"
"Q09472","EP300","1307","1604","PF08214","KAT11","2.8e-80"
"Q09472","EP300","1665","1705","PF00569","ZZ","8e-14"
"Q09472","EP300","1734","1806","PF02135","zf-TAZ","2e-16"
"Q09472","EP300","1990","2099","PF09030","Creb_binding","1.5e-43"
"Q12873","CHD3","147","201","PF08073","CHDNT","1.6e-31"
"Q12873","CHD3","346","420","PB007563","Pfam-B_7563","2.1e-05"
"Q12873","CHD3","381","425","PF00628","PHD","3.2e-11"
"Q12873","CHD3","428","497","PB005262","Pfam-B_5262","0.00035"
"Q12873","CHD3","458","502","PF00628","PHD","1.2e-09"
"Q12873","CHD3","469","507","PB011224","Pfam-B_11224","0.00056"
"Q12873","CHD3","547","570","PF00385","Chromo","0.00016"
"Q12873","CHD3","632","681","PF00385","Chromo","6.6e-13"
"Q12873","CHD3","739","1035","PF00176","SNF2_N","2e-68"
"Q12873","CHD3","1057","1092","PB014180","Pfam-B_14180","2.3e-05"
"Q12873","CHD3","1057","1169","PB015666","Pfam-B_15666","0.00017"
"Q12873","CHD3","1059","1085","PB018422","Pfam-B_18422","4.7e-06"
"Q12873","CHD3","1095","1174","PF00271","Helicase_C","1.1e-15"
"Q12873","CHD3","1103","1267","PB008129","Pfam-B_8129","1.4e-23"
"Q12873","CHD3","1295","1357","PF06465","DUF1087","3.3e-25"
"Q12873","CHD3","1378","1517","PF06461","DUF1086","4.8e-65"
"Q12873","CHD3","1735","1907","PF08074","CHDCT2","9.7e-101"
"Q13029","PRDM2","4","209","PB002602","Pfam-B_2602","2.7e-90"
"Q13029","PRDM2","75","113","PB013260","Pfam-B_13260","0.00091"
"Q13029","PRDM2","93","141","PF00856","SET","1.2e-05"
"Q13029","PRDM2","360","382","PF13894","zf-C2H2_4","0.0058"
"Q13029","PRDM2","390","412","PF00096","zf-C2H2","0.0037"
"Q13029","PRDM2","483","506","PF13894","zf-C2H2_4","0.0031"
"Q13029","PRDM2","1134","1156","PF13894","zf-C2H2_4","0.92"
"Q13029","PRDM2","1191","1214","PF13894","zf-C2H2_4","1.1"
"Q13029","PRDM2","1455","1473","PF13894","zf-C2H2_4","0.07"
"Q13330","MTA1","4","164","PF01426","BAH","1.2e-35"
"Q13330","MTA1","167","220","PF01448","ELM2","3.5e-12"
"Q13330","MTA1","239","363","PB017016","Pfam-B_17016","5e-08"
"Q13330","MTA1","280","336","PB003763","Pfam-B_3763","9.6e-08"
"Q13330","MTA1","393","429","PF00320","GATA","2.3e-08"
"Q13330","MTA1","447","491","PB011869","Pfam-B_11869","3.6e-17"
"Q13547","HDAC1","25","318","PF00850","Hist_deacetyl","5.3e-81"
"Q13547","HDAC1","325","370","PB015628","Pfam-B_15628","0.00036"
"Q14839","CHD4","163","217","PF08073","CHDNT","1.3e-31"
"Q14839","CHD4","372","416","PF00628","PHD","4.6e-11"
"Q14839","CHD4","451","495","PF00628","PHD","9.2e-11"
"Q14839","CHD4","462","495","PB011224","Pfam-B_11224","7.2e-08"
"Q14839","CHD4","540","574","PF00385","Chromo","3.8e-05"
"Q14839","CHD4","624","670","PF00385","Chromo","1.5e-12"
"Q14839","CHD4","729","1025","PF00176","SNF2_N","4.5e-66"
"Q14839","CHD4","1047","1159","PB015666","Pfam-B_15666","2.5e-05"
"Q14839","CHD4","1048","1082","PB014180","Pfam-B_14180","0.0001"
"Q14839","CHD4","1049","1075","PB018422","Pfam-B_18422","0.00013"
"Q14839","CHD4","1085","1164","PF00271","Helicase_C","2.4e-17"
"Q14839","CHD4","1093","1261","PB008129","Pfam-B_8129","1.8e-25"
"Q14839","CHD4","1290","1352","PF06465","DUF1087","1.7e-26"
"Q14839","CHD4","1378","1522","PF06461","DUF1086","5.8e-69"
"Q14839","CHD4","1724","1896","PF08074","CHDCT2","3.2e-95"
"Q15047","SETDB1","595","664","PF01429","MBD","1.2e-11"
"Q15047","SETDB1","681","795","PF05033","Pre-SET","3.7e-19"
"Q15047","SETDB1","814","1266","PF00856","SET","4.7e-63"
"Q15652","JMJD1C","214","540","PB002770","Pfam-B_2770","4.3e-63"
"Q15652","JMJD1C","541","947","PB017329","Pfam-B_17329","1.5e-263"
"Q15652","JMJD1C","1879","1927","PB016501","Pfam-B_16501","0.00021"
"Q15652","JMJD1C","1929","2023","PB019453","Pfam-B_19453","3.8e-59"
"Q15652","JMJD1C","2090","2143","PB014856","Pfam-B_14856","9.4e-29"
"Q15652","JMJD1C","2153","2224","PB015350","Pfam-B_15350","1.5e-37"
"Q15652","JMJD1C","2273","2322","PB016670","Pfam-B_16670","9.7e-21"
"Q15652","JMJD1C","2325","2357","PB016202","Pfam-B_16202","3.6e-11"
"Q15652","JMJD1C","2382","2481","PF02373","JmjC","1.3e-10"
"Q15788","NCOA1","115","172","PF00989","PAS","3.3e-07"
"Q15788","NCOA1","260","369","PF14598","PAS_11","7.6e-34"
"Q15788","NCOA1","630","708","PF08832","SRC-1","3e-27"
"Q15788","NCOA1","924","973","PF08815","Nuc_rec_co-act","2.7e-22"
"Q15788","NCOA1","980","1076","PB010879","Pfam-B_10879","1.9e-12"
"Q15788","NCOA1","1149","1204","PF07469","DUF1518","4.6e-16"
"Q15788","NCOA1","1212","1268","PF07469","DUF1518","4.5e-19"
"Q15910","EZH2","18","157","PB008232","Pfam-B_8232","2.1e-25"
"Q15910","EZH2","39","68","PF11616","EZH2_WD-Binding","6.8e-19"
"Q15910","EZH2","107","181","PB017256","Pfam-B_17256","8.1e-51"
"Q15910","EZH2","111","176","PB011744","Pfam-B_11744","3.3e-05"
"Q15910","EZH2","258","694","PB017256","Pfam-B_17256","1.3e-25"
"Q15910","EZH2","273","334","PB002306","Pfam-B_2306","0.0006"
"Q15910","EZH2","505","589","PB007590","Pfam-B_7590","4.1e-08"
"Q15910","EZH2","623","726","PF00856","SET","1.3e-22"
"Q16576","RBBP7","17","87","PF12265","CAF1C_H4-bd","8.9e-29"
"Q16576","RBBP7","170","205","PF00400","WD40","1.6e-06"
"Q16576","RBBP7","219","255","PF00400","WD40","0.0013"
"Q16576","RBBP7","264","301","PF00400","WD40","1.9e-08"
"Q16576","RBBP7","308","345","PF00400","WD40","6.2e-06"
"Q16576","RBBP7","365","401","PF00400","WD40","2.3e-05"
"Q4FZB7","SUV420H1","7","207","PB009850","Pfam-B_9850","6.6e-19"
"Q4FZB7","SUV420H1","239","308","PF00856","SET","3.1e-11"
"Q4FZB7","SUV420H1","823","877","PB012159","Pfam-B_12159","5.4e-11"
"Q53H47","SETMAR","48","131","PF05033","Pre-SET","1.6e-13"
"Q53H47","SETMAR","150","262","PF00856","SET","2.8e-22"
"Q53H47","SETMAR","346","496","PB005810","Pfam-B_5810","2.1e-06"
"Q53H47","SETMAR","347","433","PB011211","Pfam-B_11211","7.6e-14"
"Q53H47","SETMAR","348","394","PB004892","Pfam-B_4892","2.5e-06"
"Q53H47","SETMAR","368","489","PB012545","Pfam-B_12545","4.2e-33"
"Q53H47","SETMAR","415","476","PF01498","HTH_Tnp_Tc3_2","7.8e-06"
"Q53H47","SETMAR","501","581","PF01359","Transposase_1","3.9e-30"
"Q53H47","SETMAR","579","683","PB010046","Pfam-B_10046","9.3e-19"
"Q53H47","SETMAR","587","639","PB004053","Pfam-B_4053","1.2e-19"
"Q53H47","SETMAR","589","680","PB003712","Pfam-B_3712","2.8e-25"
"Q53H47","SETMAR","618","683","PB004892","Pfam-B_4892","5.1e-07"
"Q53TQ3","INO80D","18","80","PF13891","zf-C3Hc3H","2.8e-15"
"Q53TQ3","INO80D","98","486","PB003663","Pfam-B_3663","3e-24"
"Q53TQ3","INO80D","321","380","PB017820","Pfam-B_17820","4.3e-19"
"Q53TQ3","INO80D","381","438","PB019771","Pfam-B_19771","2.1e-10"
"Q53TQ3","INO80D","447","511","PF13891","zf-C3Hc3H","6.5e-20"
"Q53TQ3","INO80D","587","622","PB014282","Pfam-B_14282","3.4e-20"
"Q6B0I6","KDM4D","19","53","PF02375","JmjN","1.3e-13"
"Q6B0I6","KDM4D","49","146","PB008394","Pfam-B_8394","7.1e-48"
"Q6B0I6","KDM4D","179","295","PF02373","JmjC","1.1e-43"
"Q6GMV2","SMYD5","33","351","PF00856","SET","2.8e-09"
"Q6N021","TET2","518","729","PB016592","Pfam-B_16592","5.6e-47"
"Q6N021","TET2","943","1174","PB010428","Pfam-B_10428","6.9e-29"
"Q6N021","TET2","1103","1670","PB016988","Pfam-B_16988","1e-126"
"Q6N021","TET2","1290","1905","PF12851","Tet_JBP","4e-86"
"Q6NYC1","JMJD6","1","120","PB007417","Pfam-B_7417","7.9e-30"
"Q6NYC1","JMJD6","174","288","PF02373","JmjC","2.2e-29"
"Q6P2P2","PRMT9","104","133","PF07719","TPR_2","0.0022"
"Q6P2P2","PRMT9","175","235","PF06325","PrmA","4.5e-07"
"Q6P2P2","PRMT9","294","554","PB008193","Pfam-B_8193","2.6e-66"
"Q6P2P2","PRMT9","496","780","PB003736","Pfam-B_3736","2.2e-64"
"Q6P2P2","PRMT9","706","843","PB007812","Pfam-B_7812","3.2e-10"
"Q6P4R8","NFRKB","379","478","PF14465","NFRKB_winged","1.3e-33"
"Q6P4R8","NFRKB","610","661","PB018306","Pfam-B_18306","4.6e-36"
"Q6PI98","INO80C","141","170","PF08265","YL1_C","3.5e-11"
"Q6STE5","SMARCD3","7","73","PB018257","Pfam-B_18257","7.9e-43"
"Q6STE5","SMARCD3","25","146","PB018876","Pfam-B_18876","1.8e-05"
"Q6STE5","SMARCD3","99","239","PB007929","Pfam-B_7929","3.9e-82"
"Q6STE5","SMARCD3","260","333","PF02201","SWIB","7.2e-22"
"Q6STE5","SMARCD3","349","441","PB003130","Pfam-B_3130","6.9e-50"
"Q6STE5","SMARCD3","372","468","PB013705","Pfam-B_13705","8.2e-51"
"Q6ZMT4","KDM7A","37","66","PB003779","Pfam-B_3779","7.8e-08"
"Q6ZMT4","KDM7A","39","86","PF00628","PHD","1e-08"
"Q6ZMT4","KDM7A","269","369","PF02373","JmjC","3.2e-10"
"Q6ZMT4","KDM7A","381","539","PB018122","Pfam-B_18122","9e-104"
"Q6ZMT4","KDM7A","541","639","PB013686","Pfam-B_13686","2.2e-45"
"Q7LBC6","KDM3B","351","469","PB019299","Pfam-B_19299","2.1e-70"
"Q7LBC6","KDM3B","471","571","PB006147","Pfam-B_6147","7.4e-46"
"Q7LBC6","KDM3B","566","645","PB003525","Pfam-B_3525","1.4e-10"
"Q7LBC6","KDM3B","781","838","PB007111","Pfam-B_7111","7.1e-23"
"Q7LBC6","KDM3B","1317","1352","PB014856","Pfam-B_14856","3.8e-09"
"Q7LBC6","KDM3B","1381","1448","PB015350","Pfam-B_15350","1e-22"
"Q7LBC6","KDM3B","1497","1546","PB016670","Pfam-B_16670","1.1e-36"
"Q7LBC6","KDM3B","1548","1593","PB016202","Pfam-B_16202","6.6e-32"
"Q7LBC6","KDM3B","1599","1704","PF02373","JmjC","1.8e-15"
"Q86TU7","SETD3","105","314","PF00856","SET","2.3e-11"
"Q86TU7","SETD3","343","475","PF09273","Rubis-subs-bind","3.7e-37"
"Q86X55","CARM1","27","139","PF11531","CARM1","3.8e-69"
"Q86X55","CARM1","184","435","PF05185","PRMT5","9.8e-14"
"Q86X55","CARM1","396","435","PB009494","Pfam-B_9494","6.1e-05"
"Q86X55","CARM1","449","469","PB010255","Pfam-B_10255","7.5e-13"
"Q86X55","CARM1","511","606","PB013059","Pfam-B_13059","9.8e-55"
"Q86Y97","SUV420H2","156","218","PF00856","SET","1.3e-10"
"Q86Y97","SUV420H2","261","379","PB018005","Pfam-B_18005","4.2e-42"
"Q86Y97","SUV420H2","381","460","PB006511","Pfam-B_6511","3.4e-49"
"Q8IUF8","MINA","52","363","PF08007","Cupin_4","3.2e-99"
"Q8IXJ6","SIRT2","84","268","PF02146","SIR2","7e-56"
"Q8IXJ6","SIRT2","309","350","PB005353","Pfam-B_5353","3.8e-08"
"Q8IYR2","SMYD4","68","132","PF13414","TPR_11","1.3e-10"
"Q8IYR2","SMYD4","244","574","PF00856","SET","1.5e-22"
"Q8IYR2","SMYD4","296","335","PF01753","zf-MYND","7.3e-08"
"Q8IZD2","KMT2E","120","165","PF00628","PHD","1.4e-09"
"Q8IZD2","KMT2E","132","165","PB005381","Pfam-B_5381","1.7e-09"
"Q8IZD2","KMT2E","346","444","PF00856","SET","3.1e-09"
"Q8IZD2","KMT2E","731","869","PB007713","Pfam-B_7713","5.8e-83"
"Q8IZD2","KMT2E","1131","1178","PB019601","Pfam-B_19601","2.6e-18"
"Q8IZD2","KMT2E","1301","1371","PB019470","Pfam-B_19470","7.5e-27"
"Q8IZD2","KMT2E","1693","1844","PB007010","Pfam-B_7010","3.1e-23"
"Q8IZD2","KMT2E","1793","1856","PB013611","Pfam-B_13611","7.8e-13"
"Q8N371","KDM8","194","415","PF13621","Cupin_8","2.5e-49"
"Q8N6T7","SIRT6","52","75","PF02146","SIR2","7.3e-05"
"Q8N6T7","SIRT6","86","221","PF02146","SIR2","2.7e-17"
"Q8NB12","SMYD1","18","252","PF00856","SET","1.5e-08"
"Q8NB12","SMYD1","52","90","PF01753","zf-MYND","3e-08"
"Q8NB78","KDM1B","137","191","PF07496","zf-CW","6.6e-14"
"Q8NB78","KDM1B","382","417","PB002756","Pfam-B_2756","0.00053"
"Q8NB78","KDM1B","393","819","PF01593","Amino_oxidase","7.9e-91"
"Q8NEZ4","KMT2C","252","330","PF13771","zf-HC5HC2H","2.3e-11"
"Q8NEZ4","KMT2C","390","437","PF00628","PHD","8.2e-09"
"Q8NEZ4","KMT2C","1009","1055","PF00628","PHD","2.9e-09"
"Q8NEZ4","KMT2C","1022","1051","PB006766","Pfam-B_6766","1.7e-07"
"Q8NEZ4","KMT2C","1492","1572","PB014139","Pfam-B_14139","7.5e-16"
"Q8NEZ4","KMT2C","1874","2099","PB019991","Pfam-B_19991","1.1e-38"
"Q8NEZ4","KMT2C","2533","2579","PB016694","Pfam-B_16694","9.2e-23"
"Q8NEZ4","KMT2C","4429","4507","PF13771","zf-HC5HC2H","5.8e-14"
"Q8NEZ4","KMT2C","4550","4602","PF05964","FYRN","2.5e-20"
"Q8NEZ4","KMT2C","4606","4693","PF05965","FYRC","1.6e-24"
"Q8NEZ4","KMT2C","4782","4886","PF00856","SET","4.2e-24"
"Q8NFD5","ARID1B","32","132","PB006715","Pfam-B_6715","6.6e-05"
"Q8NFD5","ARID1B","371","451","PB007257","Pfam-B_7257","4.4e-11"
"Q8NFD5","ARID1B","693","984","PB006834","Pfam-B_6834","1.5e-14"
"Q8NFD5","ARID1B","998","1034","PB000165","Pfam-B_165","3.6e-17"
"Q8NFD5","ARID1B","1052","1140","PF01388","ARID","9e-28"
"Q8NFD5","ARID1B","1926","2182","PF12031","DUF3518","3e-149"
"Q8NFU7","TET1","585","624","PF02008","zf-CXXC","4.6e-08"
"Q8NFU7","TET1","672","796","PB019346","Pfam-B_19346","1.5e-14"
"Q8NFU7","TET1","1417","1568","PB016988","Pfam-B_16988","2.9e-79"
"Q8NFU7","TET1","1580","2052","PF12851","Tet_JBP","2.1e-81"
"Q8NFU7","TET1","2061","2134","PB012165","Pfam-B_12165","1e-17"
"Q8NHM5","KDM2B","143","318","PF13621","Cupin_8","8.7e-07"
"Q8NHM5","KDM2B","607","651","PF02008","zf-CXXC","1.5e-14"
"Q8NHM5","KDM2B","1051","1106","PF00646","F-box","4.3e-12"
"Q8NHM5","KDM2B","1117","1271","PB009355","Pfam-B_9355","1.2e-20"
"Q8NHM5","KDM2B","1123","1313","PB006618","Pfam-B_6618","6.4e-82"
"Q8NHM5","KDM2B","1224","1308","PB001421","Pfam-B_1421","0.00047"
"Q8TAQ2","SMARCC2","2","173","PB001849","Pfam-B_1849","7.3e-19"
"Q8TAQ2","SMARCC2","425","512","PF04433","SWIRM","2.9e-35"
"Q8TAQ2","SMARCC2","600","641","PF00249","Myb_DNA-binding","7.8e-09"
"Q8TAQ2","SMARCC2","859","936","PB014233","Pfam-B_14233","3.1e-16"
"Q8TBK2","SETD6","74","286","PF00856","SET","6.4e-23"
"Q8TBK2","SETD6","334","465","PF09273","Rubis-subs-bind","4.7e-08"
"Q8TBK2","SETD6","355","471","PB003795","Pfam-B_3795","3e-11"
"Q8TEK3","DOT1L","115","317","PF08123","DOT1","1.7e-82"
"Q8WTS6","SETD7","19","34","PF02493","MORN","12"
"Q8WTS6","SETD7","36","58","PF02493","MORN","0.0021"
"Q8WTS6","SETD7","60","81","PF02493","MORN","0.0019"
"Q8WTS6","SETD7","106","127","PF02493","MORN","0.0013"
"Q8WTS6","SETD7","229","336","PF00856","SET","2.9e-06"
"Q8WUI4","HDAC7","1","148","PB005922","Pfam-B_5922","1.1e-34"
"Q8WUI4","HDAC7","56","220","PB006473","Pfam-B_6473","1.4e-07"
"Q8WUI4","HDAC7","316","359","PB010173","Pfam-B_10173","1.4e-27"
"Q8WUI4","HDAC7","386","509","PB012058","Pfam-B_12058","1.3e-47"
"Q8WUI4","HDAC7","517","617","PB016322","Pfam-B_16322","9.9e-14"
"Q8WUI4","HDAC7","534","859","PF00850","Hist_deacetyl","4e-89"
"Q8WYB5","KAT6B","1","81","PB019382","Pfam-B_19382","5.1e-41"
"Q8WYB5","KAT6B","110","167","PF00538","Linker_histone","7.5e-05"
"Q8WYB5","KAT6B","272","320","PF00628","PHD","2.3e-10"
"Q8WYB5","KAT6B","479","1145","PB003178","Pfam-B_3178","1.8e-06"
"Q8WYB5","KAT6B","585","1144","PB001728","Pfam-B_1728","1.4e-05"
"Q8WYB5","KAT6B","773","957","PF01853","MOZ_SAS","4.5e-87"
"Q8WYB5","KAT6B","1604","1717","PB006470","Pfam-B_6470","4.3e-48"
"Q8WYH8","ING5","5","107","PF12998","ING","3.8e-32"
"Q8WYH8","ING5","170","234","PB017132","Pfam-B_17132","4.3e-24"
"Q8WYH8","ING5","188","213","PB010552","Pfam-B_10552","4.4e-06"
"Q8WYH8","ING5","188","234","PF00628","PHD","1e-09"
"Q92769","HDAC2","26","319","PF00850","Hist_deacetyl","2.4e-81"
"Q92769","HDAC2","326","372","PB015628","Pfam-B_15628","5.8e-05"
"Q92793","CREBBP","29","126","PB015526","Pfam-B_15526","6.4e-11"
"Q92793","CREBBP","353","432","PF02135","zf-TAZ","7.3e-21"
"Q92793","CREBBP","588","667","PF02172","KIX","3e-41"
"Q92793","CREBBP","1104","1178","PF00439","Bromodomain","8.6e-18"
"Q92793","CREBBP","1191","1232","PF06001","DUF902","3.3e-24"
"Q92793","CREBBP","1344","1639","PF08214","KAT11","9.1e-79"
"Q92793","CREBBP","1702","1742","PF00569","ZZ","3.9e-14"
"Q92793","CREBBP","1771","1843","PF02135","zf-TAZ","2.7e-16"
"Q92793","CREBBP","2016","2115","PF09030","Creb_binding","8.9e-46"
"Q92794","KAT6A","1","84","PB019382","Pfam-B_19382","3.7e-50"
"Q92794","KAT6A","265","312","PF00628","PHD","2.6e-10"
"Q92794","KAT6A","562","746","PF01853","MOZ_SAS","2e-89"
"Q92794","KAT6A","1487","1600","PB006470","Pfam-B_6470","1.5e-45"
"Q92800","EZH1","17","158","PB008232","Pfam-B_8232","4e-16"
"Q92800","EZH1","39","68","PF11616","EZH2_WD-Binding","3.3e-17"
"Q92800","EZH1","108","188","PB017256","Pfam-B_17256","2.4e-38"
"Q92800","EZH1","271","695","PB017256","Pfam-B_17256","3.1e-48"
"Q92800","EZH1","506","590","PB007590","Pfam-B_7590","5.7e-07"
"Q92800","EZH1","624","727","PF00856","SET","3.5e-22"
"Q92830","KAT2A","1","67","PB010717","Pfam-B_10717","1.4e-08"
"Q92830","KAT2A","4","142","PB000268","Pfam-B_268","0.00055"
"Q92830","KAT2A","86","337","PF06466","PCAF_N","1.8e-152"
"Q92830","KAT2A","547","628","PF13508","Acetyltransf_7","4.8e-11"
"Q92830","KAT2A","738","818","PF00439","Bromodomain","1e-23"
"Q92831","KAT2B","74","326","PF06466","PCAF_N","5.9e-149"
"Q92831","KAT2B","542","623","PF13508","Acetyltransf_7","1.6e-10"
"Q92831","KAT2B","733","814","PF00439","Bromodomain","7.7e-26"
"Q92833","JARID2","2","135","PB000728","Pfam-B_728","9.7e-19"
"Q92833","JARID2","66","404","PB000223","Pfam-B_223","1.3e-19"
"Q92833","JARID2","558","591","PF02375","JmjN","3.4e-12"
"Q92833","JARID2","619","709","PF01388","ARID","2.2e-27"
"Q92833","JARID2","882","945","PB001459","Pfam-B_1459","3.7e-10"
"Q92833","JARID2","916","1031","PF02373","JmjC","2.3e-33"
"Q92833","JARID2","1139","1193","PF02928","zf-C5HC2","9.4e-12"
"Q92922","SMARCC1","31","206","PB001849","Pfam-B_1849","4.6e-13"
"Q92922","SMARCC1","295","969","PB001566","Pfam-B_1566","1.4e-05"
"Q92922","SMARCC1","450","537","PF04433","SWIRM","7.2e-33"
"Q92922","SMARCC1","622","663","PF00249","Myb_DNA-binding","7.6e-09"
"Q92922","SMARCC1","729","1100","PB000903","Pfam-B_903","7e-09"
"Q92922","SMARCC1","755","972","PB000276","Pfam-B_276","0.00095"
"Q92922","SMARCC1","776","1066","PB000265","Pfam-B_265","0.00031"
"Q92922","SMARCC1","777","997","PB002122","Pfam-B_2122","3.4e-05"
"Q92922","SMARCC1","865","944","PB014233","Pfam-B_14233","2.1e-15"
"Q92925","SMARCD2","73","118","PB018257","Pfam-B_18257","6.2e-07"
"Q92925","SMARCD2","136","287","PB007929","Pfam-B_7929","3e-80"
"Q92925","SMARCD2","308","380","PF02201","SWIB","1.8e-20"
"Q92925","SMARCD2","397","489","PB003130","Pfam-B_3130","2.2e-50"
"Q92925","SMARCD2","420","516","PB013705","Pfam-B_13705","2.9e-61"
"Q92993","KAT5","8","65","PF11717","Tudor-knot","2.7e-18"
"Q92993","KAT5","286","475","PF01853","MOZ_SAS","1.3e-91"
"Q969S8","HDAC10","23","321","PF00850","Hist_deacetyl","9.8e-86"
"Q96DB2","HDAC11","30","318","PF00850","Hist_deacetyl","4.8e-58"
"Q96EB6","SIRT1","111","241","PB005913","Pfam-B_5913","2.6e-62"
"Q96EB6","SIRT1","164","237","PB005189","Pfam-B_5189","1.6e-05"
"Q96EB6","SIRT1","261","447","PF02146","SIR2","1.4e-60"
"Q96EB6","SIRT1","494","550","PB002214","Pfam-B_2214","7.1e-15"
"Q96EB6","SIRT1","611","747","PB008042","Pfam-B_8042","3.4e-38"
"Q96EW2","HSPBAP1","37","274","PF13621","Cupin_8","1.1e-37"
"Q96EZ8","MCRS1","134","331","PF13325","MCRS_N","1.9e-94"
"Q96EZ8","MCRS1","363","435","PF00498","FHA","5.7e-05"
"Q96GM5","SMARCD1","1","79","PB013759","Pfam-B_13759","6.3e-16"
"Q96GM5","SMARCD1","21","156","PB018876","Pfam-B_18876","2.2e-05"
"Q96GM5","SMARCD1","60","104","PB018257","Pfam-B_18257","4.1e-11"
"Q96GM5","SMARCD1","124","271","PB007929","Pfam-B_7929","2.7e-80"
"Q96GM5","SMARCD1","292","366","PF02201","SWIB","1.7e-25"
"Q96GM5","SMARCD1","381","473","PB003130","Pfam-B_3130","3.8e-53"
"Q96GM5","SMARCD1","404","500","PB013705","Pfam-B_13705","1.3e-55"
"Q96KQ7","EHMT2","34","359","PB009355","Pfam-B_9355","3.2e-117"
"Q96KQ7","EHMT2","285","347","PB004963","Pfam-B_4963","0.00016"
"Q96KQ7","EHMT2","656","741","PF12796","Ank_2","4.6e-17"
"Q96KQ7","EHMT2","751","815","PF12796","Ank_2","4.5e-17"
"Q96KQ7","EHMT2","819","881","PF12796","Ank_2","6.3e-12"
"Q96KQ7","EHMT2","925","1030","PF05033","Pre-SET","1.4e-17"
"Q96KQ7","EHMT2","1049","1155","PF00856","SET","1.6e-27"
"Q96L73","NSD1","321","414","PF00855","PWWP","2.6e-17"
"Q96L73","NSD1","815","939","PB007228","Pfam-B_7228","2.5e-41"
"Q96L73","NSD1","1470","1714","PB019816","Pfam-B_19816","1.1e-69"
"Q96L73","NSD1","1709","1750","PF00628","PHD","1.5e-07"
"Q96L73","NSD1","1756","1842","PF00855","PWWP","1.7e-16"
"Q96L73","NSD1","1953","2059","PF00856","SET","7.2e-26"
"Q96L73","NSD1","2115","2184","PB007563","Pfam-B_7563","3e-15"
"Q96L73","NSD1","2159","2259","PB002825","Pfam-B_2825","1.3e-42"
"Q96LA8","PRMT6","83","185","PF12847","Methyltransf_18","2.9e-11"
"Q96LA8","PRMT6","303","334","PB009220","Pfam-B_9220","4.5e-09"
"Q96S16","JMJD8","130","319","PF13621","Cupin_8","6.6e-12"
"Q96S16","JMJD8","263","332","PB018361","Pfam-B_18361","2.6e-09"
"Q96T68","SETDB2","164","228","PF01429","MBD","5.5e-07"
"Q96T68","SETDB2","245","359","PF05033","Pre-SET","2.1e-17"
"Q96T68","SETDB2","378","694","PF00856","SET","1.1e-27"
"Q99873","PRMT1","78","152","PF13847","Methyltransf_31","1.4e-08"
"Q99873","PRMT1","184","342","PB009220","Pfam-B_9220","1.4e-29"
"Q99873","PRMT1","235","351","PB001639","Pfam-B_1639","3.7e-08"
"Q9BQA5","HINFP","1","53","PB003308","Pfam-B_3308","3.3e-08"
"Q9BQA5","HINFP","1","103","PB017110","Pfam-B_17110","1.1e-56"
"Q9BQA5","HINFP","186","210","PF13465","zf-H2C2_2","5.2e-05"
"Q9BQA5","HINFP","229","251","PF13894","zf-C2H2_4","0.00056"
"Q9BQA5","HINFP","255","278","PF00096","zf-C2H2","0.00086"
"Q9BQA5","HINFP","345","368","PF00096","zf-C2H2","7.5e-05"
"Q9BTC8","MTA3","4","147","PF01426","BAH","1.6e-31"
"Q9BTC8","MTA3","150","202","PF01448","ELM2","3.9e-13"
"Q9BTC8","MTA3","222","330","PB017016","Pfam-B_17016","1.4e-05"
"Q9BTC8","MTA3","263","319","PB003763","Pfam-B_3763","1.4e-06"
"Q9BTC8","MTA3","379","415","PF00320","GATA","4.2e-08"
"Q9BTC8","MTA3","425","489","PB011869","Pfam-B_11869","7.3e-40"
"Q9BY41","HDAC8","27","322","PF00850","Hist_deacetyl","4.2e-76"
"Q9BY41","HDAC8","324","375","PB015628","Pfam-B_15628","9.6e-39"
"Q9BY66","KDM5D","15","48","PF02375","JmjN","3e-15"
"Q9BY66","KDM5D","77","165","PF01388","ARID","8.8e-24"
"Q9BY66","KDM5D","316","362","PF00628","PHD","4.3e-12"
"Q9BY66","KDM5D","330","365","PB006766","Pfam-B_6766","1.9e-06"
"Q9BY66","KDM5D","491","607","PF02373","JmjC","8.6e-43"
"Q9BY66","KDM5D","697","750","PF02928","zf-C5HC2","2e-16"
"Q9BY66","KDM5D","761","1087","PF08429","PLU-1","5.3e-93"
"Q9BY66","KDM5D","1174","1236","PF00628","PHD","7.8e-07"
"Q9BY66","KDM5D","1193","1304","PB000113","Pfam-B_113","2.7e-36"
"Q9BY66","KDM5D","1401","1466","PB012821","Pfam-B_12821","1.3e-29"
"Q9BYW2","SETD2","268","533","PB018604","Pfam-B_18604","1.2e-72"
"Q9BYW2","SETD2","1561","1667","PF00856","SET","8.5e-25"
"Q9BYW2","SETD2","1824","2147","PB003607","Pfam-B_3607","2.9e-48"
"Q9BYW2","SETD2","2146","2348","PB002796","Pfam-B_2796","6.1e-53"
"Q9BYW2","SETD2","2391","2420","PF00397","WW","8.2e-10"
"Q9BYW2","SETD2","2466","2558","PF08236","SRI","9.1e-28"
"Q9BZ95","WHSC1L1","268","377","PF00855","PWWP","9e-23"
"Q9BZ95","WHSC1L1","311","870","PB019816","Pfam-B_19816","7.1e-48"
"Q9BZ95","WHSC1L1","568","672","PB007848","Pfam-B_7848","3.7e-11"
"Q9BZ95","WHSC1L1","960","1046","PF00855","PWWP","5.7e-21"
"Q9BZ95","WHSC1L1","1156","1262","PF00856","SET","4.8e-25"
"Q9BZ95","WHSC1L1","1296","1381","PB019816","Pfam-B_19816","1.1e-05"
"Q9BZ95","WHSC1L1","1316","1391","PB007563","Pfam-B_7563","6.1e-21"
"Q9BZ95","WHSC1L1","1362","1417","PB002825","Pfam-B_2825","1e-29"
"Q9C086","INO80B","211","293","PF04795","PAPA-1","2.5e-22"
"Q9C086","INO80B","305","336","PF04438","zf-HIT","4.4e-07"
"Q9C0A6","SETD5","286","387","PF00856","SET","1.5e-08"
"Q9C0A6","SETD5","700","816","PB007713","Pfam-B_7713","1e-55"
"Q9H0A0","NAT10","21","81","PB011700","Pfam-B_11700","1.4e-13"
"Q9H0A0","NAT10","107","201","PF08351","DUF1726","1.1e-42"
"Q9H0A0","NAT10","282","488","PF05127","Helicase_RecD","1.2e-64"
"Q9H0A0","NAT10","529","752","PF13718","GNAT_acetyltr_2","1.1e-80"
"Q9H0A0","NAT10","771","890","PF13725","tRNA_bind_2","3.2e-33"
"Q9H160","ING2","27","124","PF12998","ING","1.6e-26"
"Q9H160","ING2","206","258","PB017132","Pfam-B_17132","2e-22"
"Q9H160","ING2","214","239","PB010552","Pfam-B_10552","5.7e-07"
"Q9H160","ING2","214","259","PF00628","PHD","7.3e-10"
"Q9H160","ING2","228","277","PB013810","Pfam-B_13810","0.00029"
"Q9H3R0","KDM4C","17","51","PF02375","JmjN","9.1e-13"
"Q9H3R0","KDM4C","47","143","PB008394","Pfam-B_8394","2.8e-60"
"Q9H3R0","KDM4C","177","293","PF02373","JmjC","1e-43"
"Q9H3R0","KDM4C","478","674","PB014467","Pfam-B_14467","4.2e-101"
"Q9H3R0","KDM4C","631","707","PB013227","Pfam-B_13227","4.2e-07"
"Q9H3R0","KDM4C","712","747","PF13831","PHD_2","1.9e-12"
"Q9H3R0","KDM4C","753","864","PF13832","zf-HC5HC2H_2","9.9e-36"
"Q9H3R0","KDM4C","890","1018","PB005109","Pfam-B_5109","2.5e-18"
"Q9H3R0","KDM4C","964","1035","PB002825","Pfam-B_2825","3.8e-15"
"Q9H3R0","KDM4C","1023","1049","PB010616","Pfam-B_10616","1.4e-09"
"Q9H5I1","SUV39H2","47","94","PF00385","Chromo","1.1e-13"
"Q9H5I1","SUV39H2","147","242","PF05033","Pre-SET","4.4e-22"
"Q9H5I1","SUV39H2","262","373","PF00856","SET","5.7e-25"
"Q9H7B4","SMYD3","15","239","PF00856","SET","5.8e-16"
"Q9H7B4","SMYD3","49","87","PF01753","zf-MYND","7.7e-11"
"Q9H7B4","SMYD3","190","267","PB000417","Pfam-B_417","1.6e-05"
"Q9H7Z6","KAT8","55","110","PF11717","Tudor-knot","3e-21"
"Q9H7Z6","KAT8","232","417","PF01853","MOZ_SAS","6e-93"
"Q9H981","ACTR8","48","619","PF00022","Actin","4.8e-34"
"Q9H981","ACTR8","192","258","PB009299","Pfam-B_9299","3.4e-08"
"Q9H9B1","EHMT1","29","124","PB003620","Pfam-B_3620","0.00027"
"Q9H9B1","EHMT1","289","419","PB003400","Pfam-B_3400","6.3e-06"
"Q9H9B1","EHMT1","774","800","PF00023","Ank","3e-06"
"Q9H9B1","EHMT1","810","903","PF12796","Ank_2","2.2e-27"
"Q9H9B1","EHMT1","910","985","PF12796","Ank_2","1.2e-13"
"Q9H9B1","EHMT1","1013","1118","PF05033","Pre-SET","4.6e-19"
"Q9H9B1","EHMT1","1137","1243","PF00856","SET","5.6e-27"
"Q9H9F9","ACTR5","32","569","PF00022","Actin","4.5e-50"
"Q9H9V9","JMJD4","47","228","PB000958","Pfam-B_958","4.9e-91"
"Q9H9V9","JMJD4","88","331","PF13621","Cupin_8","6e-20"
"Q9NQR1","SETD8","268","378","PF00856","SET","1.8e-18"
"Q9NQV7","PRDM9","28","62","PF01352","KRAB","6.7e-07"
"Q9NQV7","PRDM9","170","202","PF09514","SSXRD","7e-13"
"Q9NQV7","PRDM9","196","316","PB003219","Pfam-B_3219","7.2e-14"
"Q9NQV7","PRDM9","242","358","PB002602","Pfam-B_2602","1.9e-07"
"Q9NQV7","PRDM9","309","334","PB013260","Pfam-B_13260","5e-05"
"Q9NQV7","PRDM9","310","371","PB003219","Pfam-B_3219","4e-05"
"Q9NQV7","PRDM9","315","342","PB010245","Pfam-B_10245","0.0008"
"Q9NQV7","PRDM9","542","562","PF13465","zf-H2C2_2","3.1e-05"
"Q9NQV7","PRDM9","548","604","PB008588","Pfam-B_8588","0.00039"
"Q9NQV7","PRDM9","553","627","PB011295","Pfam-B_11295","4.6e-05"
"Q9NQV7","PRDM9","566","590","PF13465","zf-H2C2_2","1.1e-06"
"Q9NQV7","PRDM9","595","618","PF13465","zf-H2C2_2","2.6e-07"
"Q9NQV7","PRDM9","623","646","PF13465","zf-H2C2_2","9.8e-07"
"Q9NQV7","PRDM9","651","674","PF13465","zf-H2C2_2","1.9e-06"
"Q9NQV7","PRDM9","679","702","PF13465","zf-H2C2_2","5e-07"
"Q9NQV7","PRDM9","707","731","PF13465","zf-H2C2_2","1.5e-07"
"Q9NQV7","PRDM9","734","757","PF13465","zf-H2C2_2","1.5e-07"
"Q9NQV7","PRDM9","750","826","PB011295","Pfam-B_11295","0.00051"
"Q9NQV7","PRDM9","762","785","PF13465","zf-H2C2_2","1.5e-07"
"Q9NQV7","PRDM9","790","815","PF13465","zf-H2C2_2","5.3e-08"
"Q9NQV7","PRDM9","806","882","PB011295","Pfam-B_11295","0.0004"
"Q9NQV7","PRDM9","818","843","PF13465","zf-H2C2_2","5.8e-08"
"Q9NQV7","PRDM9","837","885","PB008588","Pfam-B_8588","0.001"
"Q9NQV7","PRDM9","846","870","PF13465","zf-H2C2_2","4.2e-08"
"Q9NR22","PRMT8","108","184","PF06325","PrmA","8e-09"
"Q9NR22","PRMT8","214","374","PB009220","Pfam-B_9220","8.7e-27"
"Q9NR22","PRMT8","268","388","PB001639","Pfam-B_1639","6.6e-09"
"Q9NR48","ASH1L","1023","1134","PB004663","Pfam-B_4663","5.6e-15"
"Q9NR48","ASH1L","1158","1223","PB004663","Pfam-B_4663","1.2e-10"
"Q9NR48","ASH1L","1222","1407","PB004663","Pfam-B_4663","2.2e-86"
"Q9NR48","ASH1L","1264","1347","PB019358","Pfam-B_19358","4.4e-18"
"Q9NR48","ASH1L","1508","1557","PB006310","Pfam-B_6310","5.8e-13"
"Q9NR48","ASH1L","1977","2032","PB018878","Pfam-B_18878","3.8e-21"
"Q9NR48","ASH1L","2156","2261","PF00856","SET","2.7e-25"
"Q9NR48","ASH1L","2302","2419","PB018246","Pfam-B_18246","1.6e-69"
"Q9NR48","ASH1L","2453","2536","PF00439","Bromodomain","9.5e-17"
"Q9NR48","ASH1L","2587","2630","PF00628","PHD","6.3e-07"
"Q9NR48","ASH1L","2663","2796","PF01426","BAH","6.1e-18"
"Q9NRC8","SIRT7","141","274","PF02146","SIR2","7e-21"
"Q9NRG0","CHRAC1","18","78","PF00808","CBFD_NFYB_HMF","2.7e-12"
"Q9NRG4","SMYD2","18","240","PF00856","SET","3.7e-14"
"Q9NRG4","SMYD2","52","90","PF01753","zf-MYND","1.3e-11"
"Q9NTG7","SIRT3","145","326","PF02146","SIR2","2.5e-54"
"Q9NVD3","SETD4","59","273","PF00856","SET","3.3e-10"
"Q9NVD3","SETD4","307","425","PF09273","Rubis-subs-bind","8.8e-23"
"Q9NVM4","PRMT7","65","124","PF06325","PrmA","1.9e-05"
"Q9NVM4","PRMT7","301","358","PB013426","Pfam-B_13426","1.9e-34"
"Q9NWT6","HIF1AN","53","298","PF13621","Cupin_8","8.7e-43"
"Q9NXA8","SIRT5","58","256","PF02146","SIR2","2.8e-47"
"Q9NXR8","ING3","2","104","PF12998","ING","2.5e-30"
"Q9NXR8","ING3","23","406","PB000578","Pfam-B_578","0.00027"
"Q9NXR8","ING3","181","403","PB005262","Pfam-B_5262","9.4e-05"
"Q9NXR8","ING3","351","412","PB017132","Pfam-B_17132","4.6e-32"
"Q9NXR8","ING3","361","387","PB010552","Pfam-B_10552","1.5e-06"
"Q9NXR8","ING3","362","408","PF00628","PHD","2e-10"
"Q9NXR8","ING3","376","404","PB013810","Pfam-B_13810","1.2e-05"
"Q9UBB5","MBD2","147","215","PF01429","MBD","6.7e-25"
"Q9UBB5","MBD2","295","387","PF14048","MBD_C","6.9e-37"
"Q9UBC3","DNMT3B","224","307","PF00855","PWWP","2.7e-19"
"Q9UBC3","DNMT3B","342","497","PB000343","Pfam-B_343","5.1e-05"
"Q9UBC3","DNMT3B","473","645","PB000829","Pfam-B_829","5e-08"
"Q9UBC3","DNMT3B","575","708","PF00145","DNA_methylase","1.2e-11"
"Q9UBC3","DNMT3B","719","851","PB000071","Pfam-B_71","3.1e-38"
"Q9UBN7","HDAC6","102","402","PF00850","Hist_deacetyl","2.3e-87"
"Q9UBN7","HDAC6","496","798","PF00850","Hist_deacetyl","1.5e-99"
"Q9UBN7","HDAC6","1133","1193","PF02148","zf-UBP","9.6e-17"
"Q9UGL1","KDM5B","33","66","PF02375","JmjN","5.1e-14"
"Q9UGL1","KDM5B","95","183","PF01388","ARID","1e-22"
"Q9UGL1","KDM5B","311","357","PF00628","PHD","2.4e-11"
"Q9UGL1","KDM5B","325","360","PB006766","Pfam-B_6766","4.7e-09"
"Q9UGL1","KDM5B","486","602","PF02373","JmjC","6.8e-44"
"Q9UGL1","KDM5B","692","745","PF02928","zf-C5HC2","3e-18"
"Q9UGL1","KDM5B","756","1088","PF08429","PLU-1","3e-94"
"Q9UGL1","KDM5B","1178","1223","PF00628","PHD","1.7e-08"
"Q9UGL1","KDM5B","1217","1270","PB000113","Pfam-B_113","1.9e-15"
"Q9UGL1","KDM5B","1489","1537","PB011260","Pfam-B_11260","7.5e-12"
"Q9UGL1","KDM5B","1492","1537","PF00628","PHD","9.7e-08"
"Q9UIS9","MBD1","3","67","PF01429","MBD","1.4e-16"
"Q9UIS9","MBD1","169","215","PF02008","zf-CXXC","1.9e-11"
"Q9UIS9","MBD1","219","262","PF02008","zf-CXXC","1.3e-10"
"Q9UIS9","MBD1","331","377","PF02008","zf-CXXC","1.9e-13"
"Q9UIS9","MBD1","468","526","PB012306","Pfam-B_12306","2.5e-24"
"Q9UIS9","MBD1","528","587","PB009691","Pfam-B_9691","5.4e-19"
"Q9UK53","ING1","52","89","PB000837","Pfam-B_837","2e-09"
"Q9UK53","ING1","187","256","PF12998","ING","3.2e-17"
"Q9UK53","ING1","208","397","PB000578","Pfam-B_578","0.00012"
"Q9UK53","ING1","236","396","PB005262","Pfam-B_5262","0.00072"
"Q9UK53","ING1","346","399","PB017132","Pfam-B_17132","1.4e-21"
"Q9UK53","ING1","355","380","PB010552","Pfam-B_10552","1.5e-07"
"Q9UK53","ING1","355","400","PF00628","PHD","7e-10"
"Q9UK53","ING1","369","417","PB013810","Pfam-B_13810","3.8e-05"
"Q9UK96","FBXO10","6","50","PF12937","F-box-like","1.3e-09"
"Q9UK96","FBXO10","534","680","PF13229","Beta_helix","2.5e-18"
"Q9UK96","FBXO10","724","870","PF05048","NosD","1.8e-12"
"Q9UKN8","GTF3C4","62","254","PF12657","TFIIIC_delta","1e-26"
"Q9UKN8","GTF3C4","737","820","PF12660","zf-TFIIIC","1.8e-22"
"Q9UKV0","HDAC9","36","124","PF12203","HDAC4_Gln","1.7e-36"
"Q9UKV0","HDAC9","648","972","PF00850","Hist_deacetyl","1.1e-90"
"Q9ULG1","INO80","271","405","PF13892","DBINO","2.3e-50"
"Q9ULG1","INO80","521","822","PF00176","SNF2_N","2.5e-72"
"Q9ULG1","INO80","1099","1126","PB018422","Pfam-B_18422","3e-10"
"Q9ULG1","INO80","1115","1296","PB000062","Pfam-B_62","3.5e-06"
"Q9ULG1","INO80","1140","1214","PF00271","Helicase_C","1.6e-13"
"Q9ULG1","INO80","1143","1241","PB008129","Pfam-B_8129","1.3e-10"
"Q9ULG1","INO80","1435","1510","PB016799","Pfam-B_16799","2.9e-26"
"Q9UMN6","KMT2B","323","394","PB004963","Pfam-B_4963","1.6e-06"
"Q9UMN6","KMT2B","358","466","PB002901","Pfam-B_2901","0.00082"
"Q9UMN6","KMT2B","859","885","PB011202","Pfam-B_11202","1.7e-08"
"Q9UMN6","KMT2B","960","1005","PF02008","zf-CXXC","5.1e-12"
"Q9UMN6","KMT2B","1167","1219","PB003525","Pfam-B_3525","4.5e-09"
"Q9UMN6","KMT2B","1170","1245","PB003418","Pfam-B_3418","4.5e-11"
"Q9UMN6","KMT2B","1243","1333","PB004447","Pfam-B_4447","1.5e-28"
"Q9UMN6","KMT2B","1251","1302","PF00628","PHD","3.6e-08"
"Q9UMN6","KMT2B","1337","1394","PF00628","PHD","2.2e-08"
"Q9UMN6","KMT2B","1398","1479","PB006332","Pfam-B_6332","9.8e-29"
"Q9UMN6","KMT2B","1608","1686","PF13771","zf-HC5HC2H","2e-15"
"Q9UMN6","KMT2B","1732","1782","PF05964","FYRN","2.1e-17"
"Q9UMN6","KMT2B","2412","2494","PF05965","FYRC","2.1e-23"
"Q9UMN6","KMT2B","2586","2690","PF00856","SET","1.6e-24"
"Q9UNL4","ING4","5","107","PF12998","ING","6.1e-32"
"Q9UNL4","ING4","53","239","PB005262","Pfam-B_5262","3.5e-05"
"Q9UNL4","ING4","174","243","PB017132","Pfam-B_17132","3.3e-24"
"Q9UNL4","ING4","198","223","PB010552","Pfam-B_10552","2e-05"
"Q9UNL4","ING4","198","244","PF00628","PHD","9.3e-10"
"Q9UPP1","PHF8","37","70","PB003779","Pfam-B_3779","8.3e-10"
"Q9UPP1","PHF8","43","90","PF00628","PHD","1.6e-08"
"Q9UPP1","PHF8","270","370","PF02373","JmjC","8.8e-11"
"Q9UPP1","PHF8","383","492","PB018122","Pfam-B_18122","8.2e-31"
"Q9UPP1","PHF8","780","876","PB005629","Pfam-B_5629","7.4e-09"
"Q9UPP1","PHF8","830","945","PB003847","Pfam-B_3847","9.4e-20"
"Q9UPS6","SETD1B","110","174","PF00076","RRM_1","1.4e-10"
"Q9UPS6","SETD1B","693","1070","PB016372","Pfam-B_16372","0.00018"
"Q9UPS6","SETD1B","887","1015","PB014013","Pfam-B_14013","4.8e-75"
"Q9UPS6","SETD1B","909","1211","PB001554","Pfam-B_1554","4.7e-05"
"Q9UPS6","SETD1B","922","1206","PB000119","Pfam-B_119","7e-08"
"Q9UPS6","SETD1B","969","1203","PB006823","Pfam-B_6823","0.00032"
"Q9UPS6","SETD1B","983","1203","PB000193","Pfam-B_193","0.00077"
"Q9UPS6","SETD1B","989","1214","PB000958","Pfam-B_958","7.1e-07"
"Q9UPS6","SETD1B","1006","1202","PB002827","Pfam-B_2827","1.6e-06"
"Q9UPS6","SETD1B","1017","1087","PB001367","Pfam-B_1367","5.6e-16"
"Q9UPS6","SETD1B","1020","1194","PB000276","Pfam-B_276","2.3e-08"
"Q9UPS6","SETD1B","1026","1195","PB001075","Pfam-B_1075","2.6e-05"
"Q9UPS6","SETD1B","1034","1195","PB000715","Pfam-B_715","1.6e-06"
"Q9UPS6","SETD1B","1034","1330","PB002347","Pfam-B_2347","0.00084"
"Q9UPS6","SETD1B","1036","1198","PB000317","Pfam-B_317","1.9e-07"
"Q9UPS6","SETD1B","1039","1216","PB008902","Pfam-B_8902","8.9e-06"
"Q9UPS6","SETD1B","1047","1193","PB011362","Pfam-B_11362","0.00093"
"Q9UPS6","SETD1B","1049","1186","PB001677","Pfam-B_1677","0.00026"
"Q9UPS6","SETD1B","1051","1192","PB001362","Pfam-B_1362","2.6e-05"
"Q9UPS6","SETD1B","1052","1197","PB005614","Pfam-B_5614","0.00017"
"Q9UPS6","SETD1B","1058","1208","PB001376","Pfam-B_1376","2.5e-05"
"Q9UPS6","SETD1B","1085","1507","PB001367","Pfam-B_1367","5.7e-109"
"Q9UPS6","SETD1B","1672","1817","PF11764","N-SET","3.3e-34"
"Q9UPS6","SETD1B","1839","1943","PF00856","SET","6.2e-22"
"Q9UQL6","HDAC5","67","132","PF12203","HDAC4_Gln","2.2e-27"
"Q9UQL6","HDAC5","78","618","PB005344","Pfam-B_5344","2e-05"
"Q9UQL6","HDAC5","682","780","PB016322","Pfam-B_16322","0.00052"
"Q9UQL6","HDAC5","700","1022","PF00850","Hist_deacetyl","1.1e-88"
"Q9Y230","RUVBL2","21","411","PF06068","TIP49","1.6e-186"
"Q9Y232","CDYL","62","112","PF00385","Chromo","2.6e-18"
"Q9Y232","CDYL","136","234","PB014969","Pfam-B_14969","5.9e-55"
"Q9Y232","CDYL","348","591","PF00378","ECH","3.6e-37"
"Q9Y265","RUVBL1","14","415","PF06068","TIP49","2.1e-195"
"Q9Y2K7","KDM2A","199","299","PF02373","JmjC","5.9e-05"
"Q9Y2K7","KDM2A","360","470","PB011167","Pfam-B_11167","3.3e-33"
"Q9Y2K7","KDM2A","565","609","PF02008","zf-CXXC","5.3e-13"
"Q9Y2K7","KDM2A","681","777","PB009841","Pfam-B_9841","6.9e-09"
"Q9Y2K7","KDM2A","896","934","PF00646","F-box","3.2e-09"
"Q9Y2K7","KDM2A","940","1097","PB009355","Pfam-B_9355","1.5e-26"
"Q9Y2K7","KDM2A","951","1139","PB006618","Pfam-B_6618","3.1e-96"
"Q9Y4C1","KDM3A","351","439","PB017027","Pfam-B_17027","4.6e-47"
"Q9Y4C1","KDM3A","440","540","PB006147","Pfam-B_6147","4.6e-20"
"Q9Y4C1","KDM3A","536","621","PB003525","Pfam-B_3525","2.9e-08"
"Q9Y4C1","KDM3A","783","849","PB007111","Pfam-B_7111","7.7e-38"
"Q9Y4C1","KDM3A","851","889","PB014772","Pfam-B_14772","6.6e-26"
"Q9Y4C1","KDM3A","940","1012","PB015350","Pfam-B_15350","2.1e-21"
"Q9Y4C1","KDM3A","1057","1106","PB016670","Pfam-B_16670","1.4e-32"
"Q9Y4C1","KDM3A","1108","1153","PB016202","Pfam-B_16202","1.3e-24"
"Q9Y4C1","KDM3A","1155","1264","PF02373","JmjC","3.8e-17"
"Q9Y5K5","UCHL5","7","211","PF01088","Peptidase_C12","7.7e-73"
"Q9Y5K5","UCHL5","246","313","PB012274","Pfam-B_12274","2.5e-37"
"Q9Y5K5","UCHL5","254","324","PB004660","Pfam-B_4660","8.5e-05"
"Q9Y6E7","SIRT4","62","267","PF02146","SIR2","1.2e-53"
"Q9Y6F8","CDY1","6","57","PF00385","Chromo","1.6e-17"
"Q9Y6F8","CDY1","83","174","PB014969","Pfam-B_14969","8.6e-20"
"Q9Y6F8","CDY1","290","534","PF00378","ECH","1.5e-37"
"Q9Y6K1","DNMT3A","291","374","PF00855","PWWP","7.5e-19"
"Q9Y6K1","DNMT3A","386","556","PB000343","Pfam-B_343","1.9e-07"
"Q9Y6K1","DNMT3A","462","643","PB004002","Pfam-B_4002","1.6e-14"
"Q9Y6K1","DNMT3A","532","649","PB000829","Pfam-B_829","1e-06"
"Q9Y6K1","DNMT3A","634","767","PF00145","DNA_methylase","7.3e-12"
"Q9Y6K1","DNMT3A","775","910","PB000071","Pfam-B_71","5.7e-52"
"Q9Y6Q9","NCOA3","116","173","PF00989","PAS","2.2e-08"
"Q9Y6Q9","NCOA3","265","375","PF14598","PAS_11","7.8e-32"
"Q9Y6Q9","NCOA3","420","592","PB009106","Pfam-B_9106","4.3e-15"
"Q9Y6Q9","NCOA3","616","704","PF08832","SRC-1","6e-24"
"Q9Y6Q9","NCOA3","794","924","PB014009","Pfam-B_14009","6.9e-39"
"Q9Y6Q9","NCOA3","1045","1095","PF08815","Nuc_rec_co-act","2.5e-25"
"Q9Y6Q9","NCOA3","1096","1195","PB010879","Pfam-B_10879","3.5e-58"
