"uniprot_id","gene","super_id","start_site","end_site","e-value"
"P29375","KDM5A","0047105","348","405","2.72e-40"
"P29375","KDM5A","0046063","65","179","1.96e-30"
"P29375","KDM5A","0050474","288","349","2.66e-17"
"P29375","KDM5A","0050473","1139","1222","2.66e-14"
"P29375","KDM5A","0050470","1602","1669","1.62e-12"
"P41229","KDM5C","0047105","385","436","4.94e-37"
"P41229","KDM5C","0046063","60","181","6.54e-32"
"P41229","KDM5C","0050474","312","379","3.99e-17"
"P41229","KDM5C","0050470","1181","1258","4.65e-12"
"P51608","MECP2","0049847","73","187","6.54e-33"
"P55345","PRMT2","0048629","105","421","1.63e-72"
"P55345","PRMT2","0043854","20","87","1.29e-16"
"P56524","HDAC4","0054863","651","1032","1.39e-117"
"Q03164","KMT2A","0048183","3824","3966","5.10e-48"
"Q03164","KMT2A","0050474","1467","1537","1.48e-11"
"Q03164","KMT2A","0050470","1567","1635","1.93e-10"
"Q03164","KMT2A","0047674","1704","1768","5.49e-06"
"Q03164","KMT2A","0050472","1428","1480","9.08e-04"
"Q06587","RING1","0050087","33","105","1.63e-17"
"Q09028","RBBP4","0047761","114","409","3.66e-53"
"Q09472","EP300","0053605","567","651","3.14e-36"
"Q09472","EP300","0046608","1035","1161","2.09e-35"
"Q09472","EP300","0040367","326","421","7.59e-29"
"Q09472","EP300","0040011","2043","2098","6.28e-25"
"Q09472","EP300","0037431","1727","1812","1.70e-24"
"Q09472","EP300","0053608","1663","1709","3.30e-12"
"Q12873","CHD3","0051485","969","1244","6.98e-71"
"Q12873","CHD3","0051486","735","967","1.29e-53"
"Q12873","CHD3","0051887","471","518","6.41e-17"
"Q12873","CHD3","0051886","611","684","2.36e-16"
"Q12873","CHD3","0050474","369","425","4.43e-16"
"Q12873","CHD3","0035973","159","198","7.96e-05"
"Q13029","PRDM2","0048228","24","142","1.47e-09"
"Q13029","PRDM2","0052279","1132","1181","2.36e-09"
"Q13029","PRDM2","0052279","360","412","1.16e-08"
"Q13029","PRDM2","0050784","1171","1217","1.34e-04"
"Q13029","PRDM2","0045249","481","509","5.12e-04"
"Q13330","MTA1","0052261","286","338","2.39e-12"
"Q13547","HDAC1","0043894","9","373","3.88e-132"
"Q14839","CHD4","0051485","959","1229","7.43e-72"
"Q14839","CHD4","0051486","705","957","1.21e-54"
"Q14839","CHD4","0051887","464","511","2.75e-18"
"Q14839","CHD4","0050473","342","416","1.42e-16"
"Q14839","CHD4","0051886","606","675","2.36e-16"
"Q14839","CHD4","0050522","173","213","1.12e-03"
"Q15047","SETDB1","0048228","664","861","9.42e-79"
"Q15047","SETDB1","0036316","596","670","5.89e-13"
"Q15047","SETDB1","0043739","259","310","2.71e-03"
"Q15652","JMJD1C","0047105","2154","2348","2.03e-40"
"Q15652","JMJD1C","0053820","1844","1909","4.59e-04"
"Q15788","NCOA1","0048579","260","365","1.33e-20"
"Q15788","NCOA1","0053766","920","966","2.35e-15"
"Q15788","NCOA1","0048579","120","184","3.14e-14"
"Q15788","NCOA1","0038629","14","87","3.66e-08"
"Q15910","EZH2","0048183","515","736","8.39e-62"
"Q15910","EZH2","0050913","431","469","1.54e-03"
"Q16576","RBBP7","0047761","111","408","1.48e-53"
"Q4FZB7","SUV420H1","0041233","181","326","3.27e-31"
"Q53H47","SETMAR","0048228","24","269","3.14e-64"
"Q6B0I6","KDM4D","0047105","89","310","5.08e-38"
"Q6GMV2","SMYD5","0048273","27","65","2.35e-27"
"Q6GMV2","SMYD5","0052402","108","137","6.80e-04"
"Q6NYC1","JMJD6","0047105","27","322","2.75e-63"
"Q6P2P2","PRMT9","0048629","151","460","2.50e-37"
"Q6P2P2","PRMT9","0048629","682","841","5.40e-16"
"Q6P2P2","PRMT9","0054057","32","144","1.64e-12"
"Q6STE5","SMARCD3","0044599","253","343","1.55e-26"
"Q6ZMT4","KDM7A","0047105","140","408","5.49e-59"
"Q6ZMT4","KDM7A","0050470","32","101","2.88e-19"
"Q7LBC6","KDM3B","0047105","1378","1572","1.92e-46"
"Q7LBC6","KDM3B","0050054","1026","1059","2.93e-03"
"Q86TU7","SETD3","0040998","79","333","2.52e-63"
"Q86TU7","SETD3","0040997","337","519","4.45e-50"
"Q86X55","CARM1","0048629","152","461","1.29e-72"
"Q86Y97","SUV420H2","0041233","91","236","1.31e-29"
"Q8IXJ6","SIRT2","0047535","59","353","1.40e-93"
"Q8IYR2","SMYD4","0048183","240","267","3.49e-20"
"Q8IYR2","SMYD4","0048699","63","169","2.74e-14"
"Q8IYR2","SMYD4","0052402","294","337","2.62e-09"
"Q8IYR2","SMYD4","0054057","661","770","3.50e-03"
"Q8IZD2","KMT2E","0048183","342","463","3.40e-27"
"Q8IZD2","KMT2E","0050470","109","173","1.57e-16"
"Q8N371","KDM8","0050303","183","415","2.20e-69"
"Q8N6T7","SIRT6","0047535","3","277","2.10e-77"
"Q8NB12","SMYD1","0040998","8","253","9.81e-38"
"Q8NB78","KDM1B","0053857","382","670","1.02e-72"
"Q8NB78","KDM1B","0035331","655","769","3.73e-25"
"Q8NB78","KDM1B","0052200","272","378","4.84e-20"
"Q8NE22","SETD9","0048273","134","171","8.07e-07"
"Q8NEZ4","KMT2C","0041233","4753","4911","1.70e-48"
"Q8NEZ4","KMT2C","0050474","381","443","1.31e-13"
"Q8NEZ4","KMT2C","0050474","1000","1061","2.88e-13"
"Q8NEZ4","KMT2C","0050474","950","1008","1.04e-10"
"Q8NEZ4","KMT2C","0050470","1074","1141","7.31e-10"
"Q8NEZ4","KMT2C","0037717","337","392","5.32e-09"
"Q8NEZ4","KMT2C","0050474","457","520","2.88e-07"
"Q8NEZ4","KMT2C","0035973","1655","1702","1.44e-05"
"Q8NFD5","ARID1B","0049275","1038","1151","8.37e-32"
"Q8NFD5","ARID1B","0051071","2066","2206","1.51e-04"
"Q8NHM5","KDM2B","0047105","71","373","1.21e-56"
"Q8NHM5","KDM2B","0037738","1081","1313","6.28e-30"
"Q8NHM5","KDM2B","0050474","654","732","3.02e-08"
"Q8TAQ2","SMARCC2","0052200","420","526","9.86e-37"
"Q8TAQ2","SMARCC2","0040338","137","192","7.41e-13"
"Q8TAQ2","SMARCC2","0050538","598","649","4.56e-12"
"Q8TBK2","SETD6","0040998","24","303","8.18e-51"
"Q8TBK2","SETD6","0040997","296","470","1.06e-14"
"Q8TEK3","DOT1L","0041593","6","329","1.99e-94"
"Q8WTS6","SETD7","0041233","194","353","5.23e-40"
"Q8WTS6","SETD7","0038399","54","166","1.24e-27"
"Q8WUI4","HDAC7","0054863","517","899","1.82e-116"
"Q8WYB5","KAT6B","0053259","719","987","6.26e-109"
"Q8WYB5","KAT6B","0050474","256","327","1.46e-17"
"Q8WYB5","KAT6B","0049992","101","180","8.71e-09"
"Q8WYB5","KAT6B","0050417","1070","1105","1.41e-04"
"Q8WYB5","KAT6B","0050474","202","270","7.97e-04"
"Q8WYH8","ING5","0050473","163","238","3.50e-25"
"Q92769","HDAC2","0043894","10","374","7.19e-131"
"Q92793","CREBBP","0053605","589","672","1.44e-36"
"Q92793","CREBBP","0046608","1072","1197","1.14e-35"
"Q92793","CREBBP","0040367","344","438","2.75e-28"
"Q92793","CREBBP","0040011","2059","2115","2.71e-26"
"Q92793","CREBBP","0037431","1764","1848","6.41e-24"
"Q92793","CREBBP","0053608","1700","1747","4.00e-12"
"Q92793","CREBBP","0037717","1278","1319","4.03e-03"
"Q92794","KAT6A","0053259","508","776","6.07e-112"
"Q92794","KAT6A","0050474","251","322","1.20e-17"
"Q92794","KAT6A","0051371","92","175","4.63e-07"
"Q92794","KAT6A","0050474","195","263","2.66e-05"
"Q92800","EZH1","0048183","511","737","8.63e-62"
"Q92800","EZH1","0050913","433","472","3.11e-04"
"Q92830","KAT2A","0046608","706","831","2.09e-35"
"Q92830","KAT2A","0046177","503","658","4.61e-21"
"Q92831","KAT2B","0046608","713","826","1.57e-38"
"Q92831","KAT2B","0046177","509","653","3.24e-20"
"Q92833","JARID2","0049275","603","710","1.96e-23"
"Q92833","JARID2","0047105","894","1068","1.07e-11"
"Q92922","SMARCC1","0052200","445","550","5.73e-35"
"Q92922","SMARCC1","0040338","167","220","2.01e-14"
"Q92922","SMARCC1","0050538","619","672","2.02e-12"
"Q92925","SMARCD2","0044599","301","391","2.40e-24"
"Q92993","KAT5","0046883","228","504","1.04e-109"
"Q92993","KAT5","0050533","3","118","5.29e-22"
"Q969S8","HDAC10","0054863","1","358","5.28e-110"
"Q969S8","HDAC10","0035837","381","660","4.51e-11"
"Q96DB2","HDAC11","0054863","13","320","1.06e-74"
"Q96EB6","SIRT1","0047535","229","508","6.95e-86"
"Q96EW2","HSPBAP1","0050303","23","309","7.97e-62"
"Q96EZ8","MCRS1","0038313","345","448","1.65e-12"
"Q96GM5","SMARCD1","0044599","285","375","6.98e-29"
"Q96KQ7","EHMT2","0048228","912","1170","1.70e-85"
"Q96KQ7","EHMT2","0053922","653","892","1.51e-65"
"Q96L73","NSD1","0048228","1863","2072","1.20e-71"
"Q96L73","NSD1","0047802","1746","1876","2.53e-27"
"Q96L73","NSD1","0047119","317","411","1.26e-19"
"Q96L73","NSD1","0050474","1695","1764","3.54e-14"
"Q96L73","NSD1","0050473","2096","2163","8.42e-11"
"Q96L73","NSD1","0050473","1532","1587","6.87e-10"
"Q96LA8","PRMT6","0048629","51","365","6.27e-71"
"Q96S16","JMJD8","0047105","106","330","9.89e-38"
"Q96T68","SETDB2","0048228","228","428","1.87e-66"
"Q96T68","SETDB2","0036316","162","234","1.99e-10"
"Q99873","PRMT1","0048629","46","360","1.05e-101"
"Q9BQA5","HINFP","0052279","254","306","5.03e-10"
"Q9BQA5","HINFP","0052279","174","219","2.62e-08"
"Q9BQA5","HINFP","0045110","196","252","1.79e-07"
"Q9BQA5","HINFP","0045110","309","369","1.44e-05"
"Q9BTC8","MTA3","0052261","269","321","4.33e-12"
"Q9BTC8","MTA3","0048088","7","139","1.83e-04"
"Q9BTC8","MTA3","0045592","375","415","8.55e-03"
"Q9BY41","HDAC8","0043894","17","375","8.63e-110"
"Q9BY66","KDM5D","0047105","440","645","1.92e-35"
"Q9BY66","KDM5D","0046063","60","183","7.33e-32"
"Q9BY66","KDM5D","0050474","301","368","5.54e-17"
"Q9BY66","KDM5D","0050473","1169","1241","1.06e-11"
"Q9BYW2","SETD2","0048183","1467","1687","3.14e-69"
"Q9BYW2","SETD2","0038884","2388","2422","2.50e-09"
"Q9BYW2","SETD2","0040938","1284","1340","1.95e-04"
"Q9BZ95","WHSC1L1","0048228","1063","1275","3.14e-71"
"Q9BZ95","WHSC1L1","0047802","950","1078","1.32e-31"
"Q9BZ95","WHSC1L1","0047802","261","420","1.68e-26"
"Q9BZ95","WHSC1L1","0050473","1298","1366","5.98e-12"
"Q9BZ95","WHSC1L1","0050474","916","967","2.66e-09"
"Q9BZ95","WHSC1L1","0050474","698","756","1.55e-08"
"Q9BZ95","WHSC1L1","0037717","750","806","7.30e-03"
"Q9C0A6","SETD5","0048183","259","406","3.01e-27"
"Q9H160","ING2","0050473","177","259","8.64e-25"
"Q9H160","ING2","0047811","46","108","5.10e-03"
"Q9H3R0","KDM4C","0047105","63","331","3.98e-40"
"Q9H3R0","KDM4C","0052883","879","935","8.65e-22"
"Q9H3R0","KDM4C","0054623","936","991","7.15e-16"
"Q9H3R0","KDM4C","0050463","711","749","5.98e-05"
"Q9H5I1","SUV39H2","0048228","130","375","1.44e-79"
"Q9H5I1","SUV39H2","0036680","34","98","4.58e-20"
"Q9H7B4","SMYD3","0040998","6","262","4.58e-35"
"Q9H7Z6","KAT8","0053259","177","445","1.94e-112"
"Q9H7Z6","KAT8","0050533","49","175","3.16e-40"
"Q9H981","ACTR8","0051254","277","400","1.43e-44"
"Q9H981","ACTR8","0037166","48","85","5.18e-15"
"Q9H9B1","EHMT1","0048228","1003","1258","2.07e-83"
"Q9H9B1","EHMT1","0053922","741","984","9.95e-72"
"Q9H9F9","ACTR5","0039963","181","280","8.64e-60"
"Q9H9F9","ACTR5","0039962","32","176","8.09e-29"
"Q9H9V9","JMJD4","0047105","78","373","4.81e-58"
"Q9NQR1","SETD8","0041233","263","383","1.96e-34"
"Q9NQV7","PRDM9","0050784","561","617","4.27e-24"
"Q9NQV7","PRDM9","0050784","729","785","2.72e-24"
"Q9NQV7","PRDM9","0050784","785","841","3.58e-24"
"Q9NQV7","PRDM9","0050784","673","729","1.12e-23"
"Q9NQV7","PRDM9","0050784","617","673","1.35e-22"
"Q9NQV7","PRDM9","0050784","841","892","1.06e-20"
"Q9NQV7","PRDM9","0052279","525","574","9.10e-16"
"Q9NQV7","PRDM9","0044637","27","79","7.19e-10"
"Q9NQV7","PRDM9","0041233","245","364","3.11e-07"
"Q9NR22","PRMT8","0048629","79","393","3.06e-98"
"Q9NR48","ASH1L","0048183","2069","2282","2.75e-65"
"Q9NR48","ASH1L","0046608","2444","2556","1.31e-21"
"Q9NR48","ASH1L","0050470","2576","2640","1.28e-13"
"Q9NRC8","SIRT7","0047535","62","363","1.27e-72"
"Q9NRG0","CHRAC1","0052078","28","97","9.52e-21"
"Q9NRG4","SMYD2","0040998","8","263","7.03e-43"
"Q9NRG4","SMYD2","0054057","344","416","2.85e-05"
"Q9NTG7","SIRT3","0047535","124","394","3.50e-86"
"Q9NVD3","SETD4","0040998","35","289","2.45e-56"
"Q9NVM4","PRMT7","0048629","33","375","3.70e-48"
"Q9NVM4","PRMT7","0048629","379","689","5.41e-39"
"Q9NWT6","HIF1AN","0047105","19","348","8.51e-73"
"Q9NXA8","SIRT5","0053226","38","299","1.83e-81"
"Q9NXR8","ING3","0050473","344","411","2.17e-24"
"Q9NXR8","ING3","0041569","33","80","2.35e-03"
"Q9UBB5","MBD2","0049847","130","243","1.57e-32"
"Q9UBC3","DNMT3B","0045633","568","851","2.08e-38"
"Q9UBC3","DNMT3B","0047802","216","351","1.68e-38"
"Q9UBC3","DNMT3B","0037717","470","542","3.45e-05"
"Q9UBN7","HDAC6","0054863","478","834","1.15e-112"
"Q9UBN7","HDAC6","0054863","86","417","8.63e-106"
"Q9UBN7","HDAC6","0053934","1110","1206","5.30e-23"
"Q9UGL1","KDM5B","0047105","370","389","9.61e-40"
"Q9UGL1","KDM5B","0046063","77","193","4.06e-29"
"Q9UGL1","KDM5B","0050474","308","365","2.67e-16"
"Q9UGL1","KDM5B","0050473","1156","1224","4.11e-13"
"Q9UGL1","KDM5B","0050473","1472","1538","2.47e-12"
"Q9UIS9","MBD1","0049847","2","103","5.89e-26"
"Q9UK53","ING1","0050473","319","400","9.87e-25"
"Q9UK96","FBXO10","0049244","727","893","6.98e-17"
"Q9UK96","FBXO10","0054423","6","80","3.01e-16"
"Q9UK96","FBXO10","0048970","542","678","1.36e-15"
"Q9UK96","FBXO10","0049244","425","573","1.52e-15"
"Q9UK96","FBXO10","0048970","108","254","3.14e-12"
"Q9UKN8","GTF3C4","0049440","263","356","6.64e-07"
"Q9UKV0","HDAC9","0054863","632","1005","1.97e-113"
"Q9ULG1","INO80","0051485","748","838","5.45e-70"
"Q9ULG1","INO80","0051486","506","746","3.16e-63"
"Q9UMN6","KMT2B","0041233","2562","2715","7.59e-47"
"Q9UMN6","KMT2B","0050474","1237","1308","1.20e-10"
"Q9UMN6","KMT2B","0050474","1334","1405","3.77e-09"
"Q9UMN6","KMT2B","0037717","1200","1251","3.99e-04"
"Q9UNL4","ING4","0050473","166","248","2.88e-26"
"Q9UPP1","PHF8","0047105","146","417","2.20e-58"
"Q9UPP1","PHF8","0050470","37","101","3.54e-19"
"Q9UPS6","SETD1B","0048183","1822","1963","1.31e-46"
"Q9UPS6","SETD1B","0047197","81","178","5.02e-17"
"Q9UPS6","SETD1B","0044554","1588","1597","2.88e-04"
"Q9UQL6","HDAC5","0054863","682","1062","2.54e-116"
"Q9Y230","RUVBL2","0037926","44","433","1.50e-37"
"Q9Y232","CDYL","0038654","342","585","4.10e-56"
"Q9Y232","CDYL","0051887","57","117","1.26e-19"
"Q9Y265","RUVBL1","0036850","37","152","1.31e-36"
"Q9Y2K7","KDM2A","0047105","62","343","1.17e-54"
"Q9Y2K7","KDM2A","0037738","909","1150","3.92e-27"
"Q9Y2K7","KDM2A","0050474","613","679","6.99e-07"
"Q9Y4C1","KDM3A","0047105","962","1132","1.51e-48"
"Q9Y4C1","KDM3A","0053909","660","692","4.94e-03"
"Q9Y5K5","UCHL5","0050922","6","226","1.57e-71"
"Q9Y6E7","SIRT4","0047535","28","311","2.23e-84"
"Q9Y6F8","CDY1","0038654","284","529","5.64e-55"
"Q9Y6F8","CDY1","0051887","3","63","1.78e-18"
"Q9Y6K1","DNMT3A","0045633","626","910","1.99e-41"
"Q9Y6K1","DNMT3A","0047802","283","424","2.35e-38"
"Q9Y6K1","DNMT3A","0037717","529","597","5.18e-04"
"Q9Y6Q9","NCOA3","0053766","1042","1090","2.16e-17"
"Q9Y6Q9","NCOA3","0048579","265","370","5.52e-17"
"Q9Y6Q9","NCOA3","0048579","121","186","3.93e-13"
"Q9Y6Q9","NCOA3","0035101","34","90","3.34e-06"
"A4FU79","ARID1A","0051071","27","130","6.99e-07"
"A7E2E1","SMARCA4","0051485","981","1240","2.88e-67"
"A7E2E1","SMARCA4","0051486","735","979","2.89e-61"
"A7E2E1","SMARCA4","0046608","1442","1569","3.66e-32"
"A7E2E1","SMARCA4","0054691","601","673","1.70e-21"
"B4DKA4","ELP3","0048596","47","286","4.05e-30"
"B4DKA4","ELP3","0048674","282","470","3.48e-09"
"O14607","UTY","0047105","904","992","3.57e-44"
"O14607","UTY","0051253","145","330","1.90e-23"
"O14607","UTY","0049644","314","375","2.47e-08"
"O14607","UTY","0046495","72","158","4.93e-06"
"O14686","KMT2D","0041233","5379","5537","9.42e-49"
"O14686","KMT2D","0050474","1420","1480","5.09e-14"
"O14686","KMT2D","0050474","272","326","1.09e-12"
"O14686","KMT2D","0050470","1495","1564","1.24e-09"
"O14686","KMT2D","0050474","1374","1428","1.17e-08"
"O14686","KMT2D","0050474","215","274","6.48e-08"
"O14686","KMT2D","0035973","2022","2072","2.23e-06"
"O14744","PRMT5","0048629","323","636","9.33e-49"
"O14929","HAT1","0035638","23","338","7.43e-94"
"O15047","SETD1A","0048183","1564","1704","1.11e-43"
"O15047","SETD1A","0047197","68","168","6.17e-12"
"O15054","KDM6B","0047105","1198","1290","5.63e-44"
"O15054","KDM6B","0052670","96","152","2.39e-03"
"O15379","HDAC3","0043894","4","369","2.40e-122"
"O15550","KDM6A","0047105","954","1045","1.62e-46"
"O15550","KDM6A","0051253","110","327","2.47e-23"
"O15550","KDM6A","0049644","317","379","1.79e-08"
"O43463","SUV39H1","0048228","143","369","3.01e-82"
"O43463","SUV39H1","0036680","30","92","8.61e-16"
"O43593","HR","0047105","860","1009","9.06e-25"
"O60264","SMARCA5","0051485","397","678","5.33e-78"
"O60264","SMARCA5","0051486","168","395","8.91e-65"
"O60264","SMARCA5","0048555","896","1021","2.19e-48"
"O60264","SMARCA5","0041827","744","843","5.49e-31"
"O60264","SMARCA5","0041825","844","894","1.42e-13"
"O60341","KDM1A","0053857","276","670","6.22e-98"
"O60341","KDM1A","0052200","171","277","1.79e-30"
"O60341","KDM1A","0053858","655","763","1.77e-30"
"O60502","MGEA5","0052139","60","353","8.63e-108"
"O60502","MGEA5","0049804","717","914","3.74e-09"
"O60678","PRMT3","0048629","223","525","5.08e-91"
"O60678","PRMT3","0050596","34","149","3.33e-36"
"O75151","PHF2","0047105","57","382","1.79e-53"
"O75151","PHF2","0050470","4","69","3.54e-19"
"O75164","KDM4A","0047105","67","325","8.24e-40"
"O75164","KDM4A","0052883","898","955","6.52e-22"
"O75164","KDM4A","0054623","956","1011","2.01e-16"
"O75164","KDM4A","0050472","732","768","2.44e-07"
"O75164","KDM4A","0050467","818","873","6.81e-03"
"O94776","MTA2","0052261","266","318","4.18e-12"
"O94776","MTA2","0045592","362","405","2.57e-03"
"O94776","MTA2","0048088","7","138","4.58e-03"
"O94805","ACTL6B","0046054","161","212","1.08e-62"
"O94805","ACTL6B","0039962","9","167","1.53e-43"
"O94953","KDM4B","0047105","66","329","1.18e-39"
"O94953","KDM4B","0052883","919","975","3.91e-20"
"O94953","KDM4B","0054623","976","1031","4.41e-14"
"O94953","KDM4B","0037717","754","792","2.21e-06"
"O94953","KDM4B","0050475","844","886","1.15e-03"
"O95243","MBD4","0048358","439","576","4.19e-34"
"O95243","MBD4","0049847","60","180","6.21e-33"
"O95251","KAT7","0053259","337","605","2.18e-115"
"O95251","KAT7","0042508","182","224","1.83e-14"
"O95983","MBD3","0049847","6","96","4.90e-28"
"O96019","ACTL6A","0046054","164","215","8.03e-61"
"O96019","ACTL6A","0039962","9","170","2.98e-43"
"O96028","WHSC1","0048228","982","1193","3.66e-73"
"O96028","WHSC1","0047802","219","368","9.63e-27"
"O96028","WHSC1","0047119","875","976","4.33e-26"
"O96028","WHSC1","0050474","821","887","5.09e-14"
"O96028","WHSC1","0050473","1216","1283","3.77e-12"
"O96028","WHSC1","0035973","438","507","3.01e-11"
"O96028","WHSC1","0050473","659","711","2.44e-09"
"P0C870","JMJD7","0047105","22","307","1.65e-55"
"P21675","TAF1","0046609","1514","1617","7.59e-34"
"P21675","TAF1","0046608","1361","1492","8.63e-32"
"P21675","TAF1","0043927","30","86","7.72e-18"
"P25490","YY1","0050784","333","388","7.35e-20"
"P25490","YY1","0044259","295","322","2.83e-09"
"P25490","YY1","0045966","377","411","6.37e-09"
"P26358","DNMT1","0046923","1138","1441","1.04e-83"
"P28370","SMARCA1","0051485","400","692","1.72e-73"
"P28370","SMARCA1","0051486","169","398","1.89e-65"
"P28370","SMARCA1","0048555","911","1035","6.09e-46"
"P28370","SMARCA1","0041827","759","858","1.20e-32"
"P28370","SMARCA1","0041825","859","909","7.75e-15"
